,ara,fuc,gal,gala,galnac,glc,glca,glcn,glcnac,kdo,man,mana,mannac,missing_refornulated_mono,rha,xyl,fucnac,galanac,gula,hep,ido,idoa,lyx,neu5ac,quip,quipnac,rhanac,rib,tal,17hoole,"3,6anhgal",acac,allyl,asn,bu,bz,caf,cho,fer,fru,fucn,gallic,galn,gc,mal,mann,me,missing monosaccharideac,myoino,neu,neuac,p,pr,s,ser
0,-0.046072014999999966,-0.534905685,-0.394828507,1.11337943,-0.6771905,-0.6484881305,0.547196025,0.24482603799999997,-0.13711183000000002,-0.42265295999999997,-0.79614846,-0.832820915,-0.187646775,0.17221914,0.99464515,-0.82784187,0.28095967,0.6606035,0.38404045,0.89223576,-1.0200396,-0.13789412,0.63113976,-0.22744296,0.8992635,-0.41383633,-0.1175768,1.214293,-0.9594323,-0.017513,1.0550628,-1.4542999,-0.31972766,0.9707985,0.36968517,0.31196198,1.1706579,-0.80992156,0.51610535,0.4527583,0.27699515,0.15644276,-2.3848088,-1.0262289,1.1251683,0.30447087,0.1516378,-0.7899348,-0.7019364,0.13552752,0.60777247,1.1385256,0.40822265,1.0977026,0.17915212
1,-0.10500684999999998,-1.5233168,-1.158839165,-0.02068850000000011,0.51068613,0.171809165,-0.18432608000000006,0.1667576335,0.08683555500000001,-0.9092978199999999,-0.10524556,0.81495213,-0.1477444,0.6912655,-0.3499609,0.45410915999999996,0.04864963,-0.9533511,-0.62855893,0.12610097,0.18414474,-0.7773324,-0.5442418,-1.2288433,0.26050797,0.15432386,0.7192086,0.33662608,0.46498382,-0.18468101,-0.20177847,0.23802063,0.9293514,-0.32994747,1.0909425,0.039337054,0.34309554,-0.5534887,0.57621545,-1.3780111,0.3104328,0.5358229,-0.52298313,0.00028265608,-1.2261876,1.0358546,-1.5599025,0.21594772,-0.2772792,-2.4110398,-0.39815813,-0.9401856,1.2938104,1.237447,-0.87874526
2,0.3730595,-0.25595615,-0.24096345000000002,-0.270731975,0.47698673,1.1984558,-1.35996522,0.9208984,-0.280039415,0.878834933,-0.18215839999999994,0.37149419999999994,0.8824273250000001,2.0613513,0.11611999499999999,-0.66796925,-0.660824,0.62438416,-0.02702771,0.85612124,1.0575765,1.3975537,1.7369643,0.6412114,0.8944013,0.13806948,-1.3057356,0.21831574,0.04371569,0.3518091,-1.9245514,0.64378583,1.9008367,1.0428706,0.8491171,0.32456264,0.6612593,0.8911171,0.5384807,-0.8147874,0.6875214,-1.0548736,-0.5202076,0.9340071,0.12130806,-0.0056475606,1.9067398,-1.1650287,-0.85497695,0.37786922,0.70099014,-1.2688212,-0.92617744,0.6146366,-0.06787171
3,-1.2152644,0.25254456000000003,1.0365781,-0.007506945000000001,1.1457135,0.46734615,-0.15090550500000002,0.49022067999999996,-2.15183925,-0.29338265999999996,0.02213787500000003,1.197745575,-0.8960864,0.47772439999999994,-0.20905773499999997,-0.10284447999999999,-0.6915412,1.8280416,-0.526407,-0.012730699,-0.1425408,-0.18718804,0.60270774,0.29750085,1.113844,0.25352776,-0.19633591,-1.0362529,1.4298629,-0.12513088,0.5250928,-0.9310945,0.6857597,-1.4772633,0.8720984,-0.8659786,1.5893725,-1.0894626,-1.4066939,1.4774603,-0.76858354,-2.0913484,-1.4035949,-0.5411994,0.05995093,-0.8883674,1.6657486,1.7340059,1.2450471,-0.99954,1.6363281,1.6953937,0.53248996,-1.7731903,1.201536
4,0.004460472,0.19422053499999997,-0.71146795,-0.202200785,0.54513324,0.561002715,-0.64760205,1.279947919,-0.72114095,0.8037500500000001,0.47934624000000003,-1.52622945,-0.70832403,-1.72684425,0.1251338075,0.11146823,1.3032776,-0.60330456,0.6704392,0.18557721,0.50047,-0.34670216,-0.08455428,0.7900725,0.16964796,0.17663229,0.13071238,0.29993457,-0.4671496,-0.026739527,-0.01400501,-0.5264431,0.4637923,-1.6963832,0.13054274,0.28381836,0.45854038,0.5276744,-0.0023631982,0.43870398,0.47357705,-1.0397412,0.42529666,-0.4940096,0.5578946,-0.29827952,-1.2976393,1.0066018,-0.25596523,-0.6610617,1.2217206,0.07640819,-2.0427132,0.44826478,1.1221671
5,-0.570227295,-0.956624378,-0.0049485300000000065,-0.323943365,-0.62271247,-1.32397806,-0.131907535,0.851412975,0.7682736555,-0.32866333500000006,0.2720405,1.02107893,-0.21171181719999999,-0.42623524999999995,-0.38644381,0.6837203000000001,-1.2040325,-0.6913681,-0.789249,0.6825546,0.19202279,-0.32971552,-1.4978634,-0.19379261,0.48170307,1.4575766,0.86954963,0.78835034,0.18988302,-0.7302096,1.19693,0.16987875,-0.3106621,-1.6236758,0.1629093,-0.77545923,0.9574184,-0.25334868,0.81187034,-0.48634312,1.3218017,-0.49450186,-1.4881535,-1.8600724,0.3233724,-3.3141205,-0.17134872,-0.4232638,0.8838768,-0.21349272,-2.6322331,0.83001167,0.012055683,-0.45531857,-1.285932
6,0.35808213,0.169372203,0.65464538,-1.480661215,0.64297882,-0.10416351499999998,-0.14933105000000002,0.47156617945,-0.08238809999999996,-1.342290895,-0.13504089999999996,-0.39244252999999996,1.5196875049999998,-0.57157883,1.041392275,-0.4222569115,0.105231464,-0.24117549,0.6289852,-0.34533668,0.72916794,-0.6592249,-0.040991254,-0.43405154,0.5728732,-0.7360591,-1.2257338,-0.9013354,0.46384555,0.23543742,-0.32391253,0.90424883,-0.9588953,-1.410171,0.31292036,0.089354746,-1.0571526,-0.64504373,-1.0328865,1.618788,-0.022994993,-1.291346,-1.7421283,0.813403,1.1838144,1.448723,0.42406094,-0.17555238,0.20036145,-2.5068786,0.22596331,0.07166064,1.2439319,-0.1407874,-0.7220323
7,-0.6147050000000001,-1.391646815,0.442932365,-0.20126555,0.681460405,-0.1606776545,-0.386309852,-0.046216724999999986,0.28474713,0.699896135,0.975556165,-0.58729951,-0.05134679999999997,-0.4133352,1.24059245,0.2204796065,-0.4036325,-2.3302865,0.29279208,-0.20479077,-0.047244273,-1.4902288,-0.705696,-0.20246871,0.9998707,0.22745273,-0.40854847,-0.06256895,-0.1858779,-1.1919807,-1.0293248,0.19448738,0.65927386,0.57452476,1.1926987,-1.7220137,-0.062969305,2.1423082,0.49324676,0.38878122,0.5671356,1.2697346,-1.1815548,1.0418366,-0.2824908,1.6362125,1.5690181,1.2508633,-1.1914171,-0.5540538,0.92793137,0.54192364,0.48515657,0.6647853,0.70087445
8,-1.2072022,-0.7080382749999999,-1.5178759,0.699884415,-0.557132,0.307500392,-0.8422558,0.20532031499999998,0.351887,-0.98543008,-0.22430325150000002,-1.017598525,0.6218215500000001,-0.8795653,0.66454211,-0.8752411,2.5029233,-0.26681212,-0.29475003,-0.6428908,-0.25359988,-1.8923538,-0.49627718,1.5507733,-1.5940315,0.1476098,0.535002,-1.3139006,0.82744646,0.07537527,-0.37374276,0.6954262,-0.48006144,-0.48844793,0.6413639,0.2625869,-1.668469,1.4007821,0.934416,1.1065708,1.6241277,-0.66138715,-0.36811176,-1.337155,-1.1748542,-0.6108633,0.29114914,-0.14654838,0.38136265,0.24501376,0.1776616,0.5072226,1.6315625,1.5331594,-0.056105834
9,0.359769525,-0.238466497,-0.9407793,-0.04040756499999999,-0.2207642475,0.1250847,-1.138968175,-0.035562750000000004,0.7593319000000001,1.15101835,0.8080705650000001,-0.43375041999999997,1.45832988,-1.213461475,0.91662353,-1.78183345,-1.2954156,0.3230288,-0.89590675,-0.8067151,0.18158135,1.3728187,-1.4324938,-0.34847122,-0.46391994,1.2091976,1.1859295,-0.65704364,-0.62337255,0.14906248,0.12404008,-0.63794297,-1.345969,-1.2655281,-1.2869362,-0.42737645,-0.3148496,-0.2969644,1.5394452,0.6896782,-0.23605284,0.8295248,-0.058240052,0.012393014,-0.9705621,-0.32011464,1.9396828,-0.8322798,0.098441295,-0.032866236,-0.7072735,1.2224451,0.8237831,0.3609374,1.1141039
10,-0.04331990499999999,-1.0748854115,-0.018600195,1.31715793,0.9929162749999999,0.410563655,-0.47148837000000005,-0.1941816033,-0.4558714,1.3458169,-0.42448111,-0.38536032,-1.36285773,0.038970069999999996,0.45380555,0.1121105,0.6508025,0.32839403,-0.22743231,-0.7950458,2.2351372,0.24167754,1.0331291,-0.040207054,0.02370528,-0.022578115,0.4093824,-1.0005944,-0.8058693,-0.41624773,0.09671468,0.11941131,-0.6045972,-0.77661467,0.018452646,0.93340987,-0.73029906,1.1781272,-0.7305374,1.1627269,1.1369324,-0.42082196,0.25503692,-1.3904417,-0.49412963,-1.4641823,0.13349546,-0.10267955,1.0097647,2.2404313,1.1055385,-0.9544185,1.3136879,-0.22706944,0.10640216
11,0.19238823900000002,0.800452935,1.5961043,-0.3371610500000001,1.04344586,-0.23158315499999998,-1.0404171,-0.20976658,-0.33925775,0.010342450000000003,0.09155135000000003,0.206924718,-0.015109449999999969,-0.04485103500000004,0.34465182499999997,-0.7033646499999999,-0.62130284,1.4553223,1.2566375,-0.21344057,-1.5438966,1.4268311,-1.599326,0.6797051,0.32552108,1.4405994,0.5653953,-0.16921382,-0.67988366,-0.30740923,-2.0777264,-0.26612496,0.36140785,-1.2786632,1.1593387,-0.048156884,0.7942435,-1.5735098,-1.0649683,0.28536522,0.9883812,-0.05850263,-0.9648379,-0.08075522,-0.23008601,-0.518246,-1.6856196,0.6303254,-0.09508987,1.5555813,-1.3812163,-1.2048188,-1.0800956,0.1365753,0.44518128
12,0.72688089,0.283684555,-0.6167504349999999,0.07967220000000008,-0.35536100000000004,-0.84517525,0.5587270400000001,-0.026103164999999998,0.65282923,-1.59730425,-0.5876275,-0.347514753,1.01346097,0.39818065,1.7150994499999999,-1.31618495,-0.82935,1.4697275,-1.5042324,0.3571417,0.078108825,0.5478546,-0.47403207,-0.9433391,-0.18939464,-0.9230541,1.1138272,0.4171063,-1.6015658,2.038627,-1.4239177,-1.6726524,-0.4855378,1.6290512,0.41804093,-0.15849094,0.4216251,1.0076894,0.41971546,0.47063345,2.0691404,-0.038092583,-1.1309602,-2.472264,-2.3464339,0.5674341,1.3901597,0.04359059,0.2310873,0.98998594,-0.00071691995,-0.24690084,1.2939053,-0.7696849,0.8928564
13,-0.6982832609999999,-0.32589195000000004,-0.33765920000000005,0.2974662,-0.07446086999999998,-0.405258255,0.95324535,-2.0368914,-0.423280575,-0.061229459999999986,-0.046233665000000035,-0.3792979,0.42156413,-0.039383609999999986,-0.90706827,-0.71529622,-0.5373046,-1.5817658,-2.2378516,0.136705,-0.92551553,0.6970222,1.2229083,-2.5615532,-0.5977599,0.14669722,1.1844425,0.7292791,-0.8052739,-0.020680655,-0.14979382,-0.5170308,0.30628675,-0.8179099,-0.043735556,-1.0382346,-1.2575666,0.5540927,1.7657517,-0.7508615,-0.7025766,0.040424943,1.0914904,0.11554986,0.5086045,-0.74518514,2.7206342,-0.8687249,0.30744076,0.19513854,-0.08870676,0.12658772,1.1470078,-0.5846861,0.6933072
14,0.32794993,-0.9850239700000001,1.6955125,-1.0381854,-0.75619133,-0.8795650799999999,-1.08476412,0.7463984100000001,0.49355745500000003,0.161284537,-0.076984415,0.47984815,-0.37622422499999997,-0.34255047000000005,-0.19103004499999998,-0.6530304,-0.82710177,-1.0831312,0.16377088,1.2109998,-0.58715904,0.84810776,1.2794381,-0.3545913,-0.112110764,0.23297396,-0.34380588,0.28810954,-0.061104693,0.7264295,-0.010953566,-0.8312007,0.44266135,-0.0039768373,-1.050182,0.8722716,-2.3458316,1.0014105,0.053308137,-1.6421566,0.23473547,-0.5723345,2.273495,0.517264,-1.1622713,-0.35807472,-1.3641375,0.21727046,-0.67779183,-1.0077543,0.12821867,-0.68976545,-0.23255992,-0.629869,1.2678473
15,-1.061348325,0.172501195,-1.2608418499999998,1.0759268849999999,-0.33806973,0.733859135,-0.05447307000000001,0.19780704999999998,1.09370945,-0.61259715,-0.137153455,0.43685351,-0.20935510000000002,0.440956025,-0.452634685,-1.16257549,2.8654613,-1.1954536,0.18486397,0.743212,0.53302985,-1.4100994,-0.7783888,-0.04328709,-0.83440405,-0.40400127,1.3205962,1.1471655,-1.5029247,-0.7751636,1.3365978,-0.7824345,0.53689057,0.0824965,0.4588092,-0.20833488,1.357188,0.73404723,0.7749382,0.56720495,-0.085341275,2.3561249,-0.4233822,0.7510904,0.3618798,0.70903397,1.6743395,0.9394982,0.45409644,0.67503744,-0.4051975,-1.0142599,-0.22970639,0.3599708,-1.5572605
16,0.22684322,-0.490443695,0.35416482499999996,1.094397325,-0.23030675,-0.489205235,0.48773605,-0.7880596,0.5666316499999999,-0.925978585,0.13294661149999998,-1.0599604999999999,-0.40718813000000004,-0.49958743,-1.31372743,0.4619542,0.387107,0.2187084,-0.5164995,1.0757256,-0.45434454,-1.3283529,1.1317803,-0.1738607,-0.43619347,1.195441,-0.67248654,-1.7543473,0.18218249,0.31959012,-1.9481317,-0.09768217,0.93441457,0.3429716,-0.38821003,0.42948577,0.37804687,0.12261226,0.20502637,-1.669309,-0.70181113,-0.29744366,-0.005898754,0.7542084,0.44244778,1.189355,-1.3893713,0.5661045,-0.25526264,-1.434821,-0.96920145,0.4239876,-1.5921351,-1.0429244,-0.5733286
17,0.7836016400000001,1.30382267,0.048231372499999994,-0.47135381,0.89538535,-0.51716257,-0.58853375,0.671945915,1.690093735,0.78436249,-0.23093615,0.6366426,0.70608765,0.06665850000000006,-0.15272347439,-0.019961399999999907,-0.15736224,-0.50718576,-0.79380697,-1.0601909,0.33302227,1.0551907,0.39469907,-0.71390975,-0.3698094,1.0537754,0.9002968,-1.0202354,1.1744919,-0.030801503,0.9622952,-0.18387042,-0.82742494,1.4238766,-1.5612164,-0.32151398,1.4035493,0.18366694,0.67406327,0.4779751,0.91901803,-0.5387351,-0.25753236,-2.447817,-1.4530565,1.5661086,1.1686996,1.677676,-0.19558856,1.629746,-0.5310361,0.22465111,0.018060105,0.3436886,-0.46858472
18,-0.8786931,-1.3384985,1.1144676,-1.56026685,-1.46611035,0.866016565,1.05699495,0.06001066499999999,-0.020578085000000024,-1.69936375,0.39087677,-0.53929467,0.998558489,-0.394337875,0.446647835,-0.6958132800000001,-0.21251751,-0.3996892,-0.55461615,-1.3787639,0.782836,0.54411024,0.28234482,-0.83934057,0.65311235,-1.1560441,0.10578971,1.4191238,-0.50048506,-0.3347141,0.8087484,0.70407766,-0.0497264,0.41096428,-1.8864633,1.1943169,2.162177,-0.9637051,0.24439065,-1.2770945,1.8397566,-1.7218882,-0.028981913,0.78656334,-1.3560976,-1.133043,-0.6260384,0.96906304,0.4623823,0.42060927,0.05927006,1.6443603,-0.050677143,-0.76189214,1.5951617
19,-0.8652203,0.22213029999999995,-0.364320395,-0.27635905000000005,0.33755805,-0.48957528,0.48144885,0.325076565,1.2990461500000001,-0.6260320749999999,-0.9889174999999999,-0.430405476,0.59039627,-0.0334203,0.1167822335,1.03690395,-1.421667,0.17945655,-2.0490184,0.7524882,1.1002904,-1.3024673,-1.3266798,-0.8540829,-0.062788084,0.8469767,-1.7494931,-0.8683818,-0.095551856,-0.34584874,-0.13640618,-0.27590168,0.73784006,0.5854548,0.03946002,0.35966256,0.05188061,-1.0267351,0.7571577,1.2887844,-0.14624992,1.4629145,-0.23533504,0.053638883,0.42088342,-0.7663727,0.83922595,2.3520243,0.06876784,-1.5258108,-0.39478186,0.39771053,-0.29229388,1.9756376,-0.3574693
20,-0.29611094000000004,-0.381389935,0.5409527550000001,-0.52426585,-0.2171349,0.23896150500000002,-0.63265948,-0.35572286200000003,1.4874142,-1.3600880499999999,1.0172284520000001,-0.4684332625,0.05193059999999999,-1.73684335,0.6985837,0.19949932999999997,0.0042047645,-0.046711486,-0.42031857,2.4217658,0.028500864,-0.41272938,0.3486085,-1.0613406,-0.13512126,0.88710606,0.15013975,-0.2253908,-0.8906973,1.5911839,-0.42594337,-0.27950788,2.1386101,-1.3969702,-0.822527,-1.9029927,-1.1765119,0.20841114,0.7467721,-0.35585922,-0.9885552,0.37080407,-1.1361227,1.231987,-0.7875859,-0.20159768,0.11722683,-1.2858127,-0.4541521,2.2462425,0.5853132,1.5039736,-0.5310462,0.2255273,-0.6560192
21,1.6462563799999999,-0.10798577999999999,-0.28880273500000003,0.18179566800000002,-0.385728705,-0.40015019999999996,-0.26298315000000005,-0.716760832,-0.399161075,0.623104035,0.30520445,-0.67534205,1.47191305,-1.7275247500000002,0.6687395300000001,-1.2413933,0.27850226,-0.46156102,1.6996808,-0.21267885,-0.63453776,-0.35232294,-0.19648731,1.4605489,0.78544563,-2.7054436,-1.9856366,0.3339006,-0.09414409,0.44998363,0.08724987,-0.2535815,-0.38449982,-0.9258537,1.1180904,-1.6922487,-0.17506494,0.81491107,-0.7266358,0.40979746,0.0061716316,1.078179,0.5055011,-0.0589481,0.42955428,0.884985,0.7748284,0.14367233,1.2384336,-1.110061,-1.8164257,-0.21614952,-1.2975788,-1.2950397,-0.92036086
22,1.3498491,0.5304590659999999,0.10004535,-0.20343988999999998,-0.56766045,0.49029137,-0.061500739000000006,0.1615545,-0.039391090000000004,0.40390557,-0.042477385000000006,-0.927612075,1.52996535,-1.299594,-1.0064638,0.258448708,-0.10126926,-0.7315358,0.9608994,-0.03807222,-0.298403,1.4146315,-0.17791651,-2.2686958,-0.98870176,0.00020643242,0.98582625,-1.4976413,1.1993985,-0.6891238,1.2992864,1.606966,-0.7133445,-1.8479018,0.20037128,0.89451647,-1.4917548,0.9207467,0.6643805,0.14465937,-0.48760536,0.24109878,0.09923799,1.0717027,-2.353596,-0.5744672,-0.96386755,-1.0397983,1.8965623,-0.954925,-1.3072776,-0.21012618,1.5299078,-0.36506584,-2.0023928
23,-1.2807723500000001,-0.23460748199999998,-0.973860875,-0.03268439999999995,-0.0897645,-0.20834991999999997,0.9819478800000001,-0.0019418400000000002,-0.14908137999999999,0.40843067,0.7548849,0.055875045,-1.2420936,-1.4378246,-0.71569478,0.6115856500000001,0.6082535,1.0097302,1.2544676,1.0050169,-0.90665513,1.5731941,0.37508938,1.1222888,-0.14353238,0.89056295,-1.0254014,-0.64887124,-0.10863417,0.26136073,-0.0066931625,0.56077695,-0.23200227,0.8909499,-0.41275722,0.46517217,-0.25083506,0.04604785,-1.1640424,2.0138695,-0.8010761,-0.4156625,-0.9706054,-1.0422498,-0.649556,0.99535763,-0.02718957,0.6382794,-0.66823447,1.5566455,0.53043073,0.29306632,0.13697776,0.5599394,0.7975471
24,0.346060305,0.408910635,-0.32519085999999997,-0.44359248,1.13384425,0.18429145000000002,-1.097257575,0.13093592999999998,-1.1844238,-0.08715552999999998,0.45744263,-0.43526934,-0.781024245,0.703029455,-0.27380092,1.1207555500000002,0.5490451,-1.0652672,-0.3875852,0.5923281,0.70239735,-0.53794247,0.049559645,-0.33086643,-0.18084422,-0.041713316,0.119710855,0.17492189,-2.5167549,-0.25791013,-0.9416195,-0.14846419,0.022881866,1.166636,0.46909335,1.5203663,0.011996236,-0.22831689,-0.30145752,0.5346468,-1.3570265,-1.4591343,1.2260947,0.20346497,0.20516114,0.49834839,0.6338286,1.7105378,0.1096986,2.4097595,-0.4361063,0.8484289,-1.6333213,0.11746852,-2.4486537
25,0.54546672,-0.31830468,-0.53824863,-0.73591187,-0.846175315,-0.40309304,-1.0436806,0.29710400000000003,-0.4687548,-0.24972408000000001,-0.38160509,0.19573661500000003,0.07057995,-0.06768875000000002,-0.003350713499999998,-1.143929865,1.280818,0.3211438,-0.8701334,1.3375152,0.11629449,-1.1674411,-0.7603869,0.59986764,-0.7193595,-0.4900698,-0.4537006,-1.4749703,0.5143314,0.1599644,-2.698929,-0.25602797,-0.41776434,-1.6275659,-1.1826686,1.1997492,0.25945646,-1.5676478,1.0086044,0.14695485,0.58387595,2.9696865,1.1278245,-1.8691,0.11660691,-1.4720435,0.013634545,1.0393689,1.0020499,0.2640207,-0.1627832,0.67481923,0.081572175,-0.79177654,-0.94773597
26,0.35003422,0.55333464,-0.23556425,-0.48323817500000005,-1.0786224,-0.817892,0.46379761,-0.5508097299999999,1.1221248,-1.337644475,-0.28557099999999996,0.7414975,0.07842319999999992,0.47816678749999997,0.111583365,0.22815487,-0.43656966,1.1438309,0.49541298,0.9342597,0.11018545,1.1716166,2.3172522,0.70381624,-0.75035495,1.9779114,-0.5809825,-0.023395075,1.3634341,1.1776414,-0.49632612,-0.18305558,0.71697915,0.27411494,0.65212715,-1.0472351,0.9495563,1.5167495,-1.4723562,-0.40554982,-0.11486581,-0.06355483,1.3283361,1.3491225,-0.15407737,-1.4873129,-1.2001103,1.6495105,1.8682742,1.0248029,-0.39978185,-1.26619,1.6570461,-0.30317217,-0.44727516
27,0.47507384999999996,0.23657461500000002,-0.23626149,-0.280977725,-0.10950348000000004,0.07013463,0.337679915,-0.374812975,0.8788135635,-0.060910430000000015,0.051535365,-0.064800785,-0.375509911,0.49147019999999997,-0.0899780565,-0.34166175,-0.1672026,0.9234217,-0.5001707,0.23090783,-0.24189048,0.057758536,0.06084551,-1.0764713,-1.0271288,0.26300815,0.26196846,0.024073262,0.6289663,-2.2703848,-0.5673155,2.0326312,-0.46188667,1.155238,-0.08479125,-0.39029408,-0.62984943,1.2330601,0.40839416,0.9731483,-0.23579644,0.30805144,0.17840841,-0.55268,1.233289,-2.3248227,-1.3739228,0.104767874,0.2319971,1.7921408,-0.48644745,-1.9282436,-0.8979949,0.5327631,-0.5311296
28,-0.5822628435,0.857224815,-0.26618169999999997,0.6846202,-0.7456184,0.533469175,-0.556211,0.49532251,-0.7333897300000001,-0.012298790000000004,0.25249114999999994,-1.11772614,-1.7896233499999998,-0.6165063430000001,0.39403222,-0.19420300000000001,0.5826666,0.78624004,1.4920868,0.3370234,0.56607693,0.92517245,0.03988372,0.06198513,1.0784452,0.8869944,0.38437718,0.33900654,-1.3942924,-1.724076,-0.73496646,-1.0958295,-1.2871923,1.0624834,1.268046,-0.8563011,0.19288576,-0.9344241,-1.2804787,-0.3442139,-1.6676285,-0.7858604,0.31348,-1.3422016,-0.5218056,0.42486265,-1.4826287,-0.90414447,-1.1955653,1.8670245,-0.5135284,-0.9941446,0.35299662,1.9201752,0.53101707
29,-0.9351874250000001,-0.5982839200000001,-0.58335691,-0.198921745,-1.347009485,-0.806133015,-0.14646483999999999,-0.40593755,-0.163624405,-0.29961456500000005,0.56164175,-0.016085605000000003,-0.321899175,1.5516574,-0.45229351999999995,-0.7051437,1.5267773,1.3461065,-0.7341093,-0.94096243,-1.2370949,-0.34122413,0.25855455,-0.8768255,-0.21264578,2.1998372,-2.2792141,-0.61110884,-0.3635347,-0.693194,-0.47410986,1.462092,0.7544809,0.123080805,-0.20452507,-1.2509599,1.961315,0.8728808,0.68694717,-0.8574071,-0.46384034,-0.19355087,-1.107962,0.522168,-0.6562456,1.0002931,-0.012685167,-0.14958331,1.4660883,-0.098397784,0.29335243,0.16757485,-0.74594015,1.254283,0.70014036
30,-1.11376325,0.297255753,0.76211472,0.8514986250000001,0.152308385,-0.019531049999999994,0.6089158050000001,-0.16858612500000003,-0.2088678,-0.520114415,-0.5868974499999999,-0.26414044999999997,-0.586788565,0.137207172,-0.619348475,0.42115098,-0.20377165,0.5392868,0.3851125,-0.48144925,-0.8492697,0.2962398,1.2204981,0.60316896,-0.017554948,-0.14995363,-0.32151994,-0.17772411,1.0416341,0.64122605,-0.3447932,-0.5873192,1.6516532,-1.3294741,-0.65825385,0.9321459,-1.8715905,1.3234612,-1.5898136,-0.36731446,-0.5304735,0.5914301,-2.7017803,0.6584605,-1.071433,-1.0632795,-1.3141894,-0.27242658,-0.24536622,0.71385413,-0.6989184,2.5937996,0.196149,0.9366552,-0.6511288
31,0.196465955,-1.6763066,0.955280875,-0.266590635,0.6751479250000001,0.19642238500000003,-1.39742447,-0.16402503499999999,-1.00383877,0.31150897499999997,1.17365275,0.173719955,-0.5990672,0.8984478999999999,0.07024340000000001,-0.141017805,-1.1931269,1.2718289,0.5104016,-0.25282264,-0.49660975,-1.1465127,2.6478665,0.9161226,-1.0309316,-0.3621534,0.7283255,-1.3115858,1.4222919,1.7380682,1.7081048,1.5782936,1.4260788,0.329829,-0.22855021,0.19024977,0.11302854,0.10440174,0.32709914,-0.22198503,0.07867731,-0.10580047,0.8450425,-0.24600741,0.749071,0.07194208,-0.0055326214,-1.0545621,1.358564,-0.0066066817,-0.41598457,-1.924822,0.39406106,-0.8751362,-1.2625
32,-1.22828535,2.0956658,0.7365617499999999,-0.6422241,-0.36215200999999997,1.5190731,-0.7382835,-0.20461573500000002,-0.12477602000000002,-0.5087990219999999,1.018607,-0.05380341999999999,-0.24587367,0.54063862,0.22222495,-0.257459025,0.4174494,1.2677839,1.488994,-0.92231786,-1.499741,-0.8739653,0.55107564,1.9878088,0.5099756,-0.67975616,0.38485622,0.6087415,1.3405672,0.76247615,-1.8659153,0.78765506,1.2102178,0.5644083,0.2220034,-1.0576572,1.5034667,-0.19645238,-0.19196112,-0.7940041,-0.9315433,0.9847413,1.0354936,1.4958541,0.40491587,-0.2876975,0.78113556,1.0072815,0.45578897,0.09883586,-1.0168978,-0.09160467,-0.28569743,1.3212898,1.3628684
33,-0.13461989000000002,-0.30423775000000003,-0.291530854,0.5144137415000001,-0.324588,0.18515140000000002,-1.25446915,-0.137502135,-0.44123272999999996,0.5523174799999999,0.18214488,-0.41963738500000003,-0.295640085,0.676344875,0.1874364500000001,0.5044879999999999,2.2360516,0.5527451,-1.7096317,0.86509395,-0.9464349,-1.2812145,1.5061469,-0.0038013116,-1.672981,-2.2483149,-2.7943847,-0.612625,-0.010005128,0.08598169,0.36445576,-0.58931434,0.4764945,-0.12707585,-0.033620205,0.47581604,0.41670355,0.73241574,-0.12134235,0.56120604,-0.66365194,-0.4321887,0.584017,0.4055071,0.29520905,-2.1731038,0.17400746,-0.3442143,-1.3254459,0.88249624,2.039909,-0.64389855,0.552782,0.043794923,-0.6994586
34,-0.34460554,0.424633095,1.625419,-0.210165515,-0.8345886849999999,-0.785842435,0.39823259,-0.004614384999999999,0.27479916,0.46741115999999994,0.019599489999999997,2.240857,-1.10037996,-0.9125945,0.015235039999999998,1.03279315,-0.07591654,0.053269617,-0.42570215,0.54201734,0.75434184,3.071561,-0.9366179,0.22385293,0.6455227,0.56832916,-0.44694325,2.0053935,0.85218215,-0.019719506,-2.4409585,-0.06466446,0.43617117,-0.24842162,1.4318041,-0.12556297,1.5999434,-0.88645744,0.26331636,-1.9311851,0.011105038,-0.1002043,1.2702627,0.9150402,2.0196707,0.35853642,0.3075777,1.4415668,-0.7062093,-0.46981066,0.06910126,1.4122748,0.5193468,1.6310979,-1.4274676
35,0.0015080450000000065,-0.5875245999999998,-0.012978619999999996,0.416106185,-0.991841015,-0.5517283049999999,0.189289525,0.580769375,0.922131265,-1.268152475,-0.136401675,-0.22809608,-0.229166055,-0.06989131500000001,0.660511195,0.228225247,-0.34564483,1.595856,0.9443764,2.3720412,0.80627984,0.2748318,-0.94119835,-0.7242885,-0.008901172,0.5829061,1.0021719,0.3188097,0.05269795,0.5957857,1.5675246,0.61661714,-0.31063056,1.4051054,-3.0933459,-0.23702817,-0.13983801,1.7304971,-0.89228815,0.50526744,0.8141256,-1.3893361,-0.38430926,0.2235974,0.18175246,0.4203255,1.5962685,1.4114076,-1.4205198,0.6439514,1.1235467,1.5248085,1.1671307,-0.12300541,0.41977087
36,-0.058338039999999994,0.90934622,-0.38082569235,0.09490442000000004,-0.97184863,0.6026314150000001,0.5464300599999999,1.4988909750000001,0.2982939,0.5728684199999999,0.88855582,1.71094465,0.75848749,0.91981045,-1.03253808,0.3256620499999999,0.61437744,-0.76493114,0.9544572,0.61043847,-1.1702898,1.1841339,-0.9982299,0.55151606,0.7437313,0.7361287,2.127194,0.084481485,1.732238,-1.52249,-0.4117027,-0.1531829,-0.28677624,-0.40605956,0.92892826,-0.45694214,-0.22051905,1.397123,1.5170821,0.42322475,-0.5302699,1.6718441,-0.9448967,0.07470334,-0.67202646,-0.50627714,-0.486956,0.48984426,1.9768318,0.7006219,-0.44046956,-0.34361652,-0.9515106,-0.41304526,1.4039152
37,-0.184698115,-0.337993135,-0.14325596499999999,-0.54989569,-0.558414965,-1.08565178,1.1251171,-0.006930800000000015,-0.42995502500000005,-0.122860365,-1.038345,-1.085161788,-0.7621722500000001,1.3579046,-1.032720815,0.7542794,-0.1730628,0.9466284,0.7770298,0.7862183,-0.1618919,0.40447274,-1.175044,0.05910867,-0.3650194,-1.4625776,-1.9248209,0.3724002,0.5331235,0.14391154,0.6015968,-0.4735676,-0.019372778,-0.95044386,-0.63547266,-1.537597,0.25629264,-0.28131953,-1.2106582,0.90905184,-0.21328078,2.4276295,1.538885,0.5500467,-2.951631,-0.021550985,0.70625114,-1.0646081,-0.81778115,0.69954664,0.5247388,0.9576071,-1.5061722,-0.43393853,2.3358314
38,0.47330469000000003,0.11620418499999999,-0.2095939,0.16386547,-1.030464367,-0.61590392,0.49928298000000004,1.5150302999999998,-0.12899275000000002,0.35169359,-0.47962591,0.51833438,0.20931711,-0.222113252,-0.62746193,1.88419035,0.86398435,1.7249167,0.55787206,0.29050866,-1.2570505,-0.213959,0.3929733,-1.3300213,-0.0116235735,-1.9311404,-0.60383713,0.84988225,1.0248181,-0.32502535,-0.8766823,-0.62779903,0.53203195,-1.0694741,0.24456722,-0.987229,-0.82192695,-0.4026932,0.32575342,0.7627575,0.8094013,0.38430306,-0.16652936,0.44473463,-0.36707452,-1.0587096,-0.006117832,-0.064931236,-0.3211397,-0.74417126,-1.0239474,-1.3293746,-0.4366894,1.3000125,-1.7076604
39,-0.22564539,-1.30217757,-0.8886465400000001,0.8705699,-0.22056966,1.2772904999999999,-0.012005500000000002,0.2942043795,0.25487016500000004,1.4424147500000002,0.25678602,0.15156177499999998,-0.06337074999999998,-0.2855523145,1.10195495,1.42778205,-0.9047036,2.5781186,-0.250872,1.2590778,-0.36958498,-0.5367364,1.4068359,0.2196301,-0.8509366,0.7890194,0.926788,0.7202772,-0.67668533,-0.0025935047,-1.2223725,-0.44857058,1.3168644,-0.7576196,0.005576685,-0.34377986,0.28071687,-0.16211267,-1.4372793,1.0434604,0.37416625,-0.42016804,0.41836467,-1.1566329,2.0341537,-0.4206357,-0.17800881,-0.21045001,-1.4566772,1.2843753,-0.21790794,-1.0365188,0.5115932,0.5354626,-0.76324815
40,0.57662318,0.06914108499999999,-0.37520876000000003,0.5420650899999999,-1.2982065,-0.39026051500000003,0.0645159500000001,-0.07988836500000002,1.799786,0.852250015,0.0851256105,-0.799579385,0.2234734,1.105906785,-0.22033759999999997,0.237094845,-0.23569472,-1.6791631,-0.6129385,-1.5607611,0.18605474,-0.37976953,0.3633601,0.27752,0.009476841,0.8891656,1.7225953,-0.71245396,1.2839503,-0.7949182,1.0636424,-0.69756305,-0.069707386,0.99678403,-1.6220921,1.9163724,-0.92953646,-0.79964375,-0.10186795,-1.918566,-0.09075019,-1.0421454,1.0436282,-0.23412977,-1.1639328,-2.3532422,0.49654666,0.05400896,0.24999842,1.1231964,0.91038936,-0.18549092,-1.1246206,-1.8018316,0.37346593
41,0.322254905,-0.5776447,-0.8534666,0.9128167199999999,0.89399395,1.45396732,0.82398086,0.37576109999999996,-1.80812022,0.5415581999999999,-0.56055745,0.13697865,-0.851551565,1.03992467,0.964258797,-0.22380534000000002,-0.17961921,0.5014434,0.6889802,1.7828232,0.31784537,-0.22713374,-0.9785748,-1.9017092,0.63072294,0.9563206,-0.69418025,-1.7446889,0.90419245,-1.1105205,0.80734783,-0.4335307,-0.28849575,-0.86802006,2.8771532,-0.6124972,-0.20939404,-0.088166595,-0.76004887,-1.7099625,0.055686735,0.78796977,1.1588265,0.9681772,0.55869806,-0.73148215,-0.665659,-0.85648566,1.0126895,0.10688557,-0.3490877,1.099549,0.8730439,0.31469786,1.0104859
42,0.42059399000000003,0.21660535,0.612908305,1.03925683,0.79076795,-0.31617237,0.05216165000000006,-0.468939,0.19891009999999998,-0.9431467500000001,-0.4036092,-0.027324669999999995,-0.4562839000000001,0.205328875,-1.6008768500000001,-0.91268002,-0.8399977,-1.2702546,0.8254374,0.2941066,1.0592499,-1.3811119,-0.7583732,-0.6712897,0.14343943,-0.055286404,-1.0429646,0.43248,1.8004115,0.28368643,0.42413017,-0.4752763,-0.008971687,-0.007963687,0.44694135,-0.33218575,0.28609133,1.7901689,0.15586808,-0.7973604,0.21461138,-0.79201084,-0.642276,-0.25949484,0.037625983,-1.3556335,-1.139647,-0.79197747,-1.5431136,0.027268264,1.3144078,-0.7820821,-0.6319454,0.2989804,-0.47368005
43,0.34144399999999997,-0.5683886850000001,-0.023882965000000034,0.55220395,0.55990387,-0.762195945,1.2999683499999999,0.054960115000000004,0.16854595,-0.9673131899999999,0.157177055,1.0778069000000001,0.40314568,-0.5537733675000001,0.8225180999999999,0.535371655,1.4561038,0.3694014,-0.12761025,-2.7312837,-0.038402997,0.65084946,1.1643014,0.015765697,-0.84920835,-0.6000269,-0.70153695,1.1277511,1.6524941,0.3038004,0.48618534,-1.2545717,0.40021682,-0.76245,1.13164,-2.056119,-0.57758003,-1.1634697,-0.14521344,0.54359823,0.8028702,-0.88212484,-0.10844874,-0.5542664,-0.5368231,-0.51754373,-1.2408004,1.7649243,0.18172267,-1.4830787,-1.0886526,-1.449305,-0.3685591,2.0823271,-1.4770703
44,-0.190730555,0.66780404,0.270262484,0.274844305,1.38971615,-0.7297192175,0.40388943999999993,-0.054746510500000005,-0.78425307,-1.207781369,0.642326115,-0.4775975005,-1.1777257799999998,-0.754645235,-0.393728435,0.34502601,0.50262135,-1.0300953,-1.6943003,1.9463227,-0.14187483,-0.2925366,0.2987457,1.7493504,1.0100551,2.8361866,1.1510397,0.7525959,0.108036764,0.44238728,0.28002924,0.68185073,0.05818181,-0.98818284,-2.6185849,-0.47327843,-1.6045603,-0.31605086,0.49655944,2.4172466,0.45435938,0.4313518,0.43983617,1.0005566,-0.20547669,-1.2816137,-1.4089891,-2.190872,0.5570822,1.405422,0.0719531,-0.3817616,-1.9393121,1.7684423,0.15593556
45,0.17621072999999998,1.08357205,0.71079001,-1.32544733,0.5901783575,-0.6292152750000001,0.109957495,0.560828675,-0.8403385,0.38319475000000003,0.112825715,0.559249845,0.156633735,-0.4987711985,0.35876163,-0.9809489,-0.73233086,0.59841776,-1.4300096,-0.06340006,0.0064118444,-0.43179184,1.2796586,-0.22814605,0.4239925,-0.020170892,-0.7564526,-2.054128,-0.2500211,-0.9723517,0.10773632,-0.598044,-0.75866365,1.5173166,0.32333854,-0.3260771,-0.4217906,0.4280261,0.30570146,1.3707168,-0.2633311,-1.3639328,-0.124208294,-2.1117122,1.6618766,0.06403061,1.6493689,0.74808896,-1.6244211,-1.0098399,-0.5043729,-0.6804435,-1.8552006,-0.01771823,1.8058678
46,-0.989750015,-0.9492434999999999,0.3356292999999999,-1.054598525,-0.349395255,-0.53032309,-0.864525075,0.39340459,0.68612095,-0.327255255,-0.520420225,1.69678388,-1.6969702,0.34576743,0.7334158850000001,1.8467047,-0.78612334,1.3372018,1.3448175,-0.025131147,0.9397651,-0.65255713,-0.6234975,-1.0112274,0.8979786,-0.46214706,-0.93993026,2.5741322,-1.4051661,-0.38360405,1.9212506,1.130589,0.5482452,-0.6655175,-0.471794,0.8574001,0.57336867,1.4104004,-1.007047,-1.2435747,-0.7228868,0.35267732,-0.047686465,-0.08851675,-0.22566384,-0.6661859,0.80114275,1.3298556,1.0821011,0.58528274,0.5343167,-0.06010226,0.07283238,0.21358694,-0.21086611
47,-1.1943537,-1.2118075,0.41707907499999997,0.020159154999999984,-0.411405795,0.169487707,0.83401375,0.38061798500000005,0.92760105,0.18313825,1.50818465,-0.44067729999999994,1.171105755,0.6476601750000001,-0.6744699999999999,0.74627639,-1.6915706,-0.49405506,0.0641043,0.29835147,-0.018459609,0.6937824,-0.3653578,-0.85841125,0.4295995,2.4141793,1.5291471,0.05562152,0.9885288,0.3213724,0.7227033,-1.4241155,-1.4499036,-0.048089292,0.9183249,-0.23730165,-0.45501566,-0.08490266,-1.8539358,0.878297,0.5578485,1.6115808,1.4225498,1.2423402,-0.38706735,-0.42710635,0.74671036,0.50554127,0.06793349,0.5239559,-0.6656388,0.8433774,1.0868784,0.7809083,0.88649476
48,0.8633064,0.11181197000000001,0.89643121,0.21275539999999998,0.396816715,1.1111931350000002,-0.17764877499999998,0.200099035,0.12161156500000003,0.561111425,-0.08210277999999999,1.58227065,-1.67585015,0.090633607,0.120637775,0.255712455,-0.7946942,1.3261559,-1.3079545,-1.1501468,0.16458817,-0.0018087821,1.0194039,1.229891,0.26090178,-2.0773668,-0.016176233,-0.1452318,0.3955855,0.9335035,0.6993196,-0.6811024,1.0337995,-0.7454027,-1.4015695,-2.180796,-0.7138641,1.0466188,-0.872771,-1.9106784,-0.35801578,0.7838397,-0.54530746,-1.3497359,1.3346285,-0.086048126,-0.7457456,-1.260516,0.07623704,0.49205753,-0.6159353,-0.19513294,1.5691556,1.2908772,-0.4327698
49,-0.12444901999999997,1.20364663,0.509973475,0.695613,-0.19584659499999998,1.020759185,0.15172624,0.362852175,-0.7371226000000001,-0.35944604999999996,0.1935515,-0.18005955000000007,-0.038345760000000007,-0.65253015,0.73059095,-0.04360304999999998,1.1252093,-0.15583502,1.9347284,0.6087343,0.06132365,0.39483866,-0.30929026,0.39853564,-1.6192255,-0.9438964,0.24540035,-1.1157742,-0.6085238,1.0548711,0.9958161,-0.03501478,0.42765772,-0.7291998,0.109988436,0.030125808,1.7109962,0.92568684,0.9397291,0.692951,-0.6799206,0.18232414,-0.08193386,0.7207589,-0.6265764,-0.35873583,0.2688372,-1.1987722,-0.9392589,0.4056848,0.63826877,-0.24381484,-1.319811,-0.06455688,1.9789883
50,0.92986765,0.010528858000000002,0.991085105,-0.15128194,0.515275935,-0.996709885,0.15355902500000002,0.470395695,-0.91637302,-0.24091135000000002,-0.187634725,0.160418035,0.34210875,0.72891105,0.581256476,-0.32617431500000005,1.300963,-2.239566,-0.23766766,0.3187426,1.1007041,-1.0038944,-0.5857267,-1.110444,-0.58463603,-0.74263257,0.25435227,1.174782,2.5702145,0.49398854,-0.10339298,0.40419182,0.3434257,-0.14107639,0.060538802,-0.7599576,-1.4128033,-1.6958559,-0.9491321,-0.5030751,2.8113492,-0.2727933,-0.9825475,-0.9832427,-0.5030275,0.34334475,0.6982743,2.7126224,0.59997654,0.8531623,1.092901,0.53892523,-1.2367591,0.8178272,-1.2864926
51,0.015882850000000004,-0.289624445,-0.189361865,-0.1933099285,-1.8022524999999998,0.840496315,-1.90110505,1.7743729000000001,-0.346603883,0.7008925,-0.128298115,-0.37596987,-0.914880835,0.8863632,-0.18510985505,0.6870353499999999,-0.57500327,-0.20198162,0.15037341,-0.17383108,-2.0404027,-0.17017575,1.5804087,-0.13226579,1.0576109,-0.648187,-0.67965907,-0.26474342,1.4860084,-0.1414506,-0.78288436,-0.23979391,0.031821344,0.7598179,-0.62962246,1.9683865,-0.31487083,-0.6976811,0.516009,1.3290473,0.55232483,0.9291393,-0.022847518,0.7008641,0.07567898,0.20916648,-0.44199073,1.3706356,-0.67663443,-0.98775023,-2.0238442,1.9457278,-0.053454816,0.066200435,-0.93997526
52,-0.27838245,0.6241676949999999,-0.462306245,-1.055879725,1.1479695,-0.08801684999999998,-0.89729468,-0.5249427375,-1.0832478475,0.7067643,-0.63058915,0.9229305,0.36387333,-0.57837563,-0.7306242350000001,0.930005175,1.3545791,0.1530075,-0.697733,-0.45520177,-0.6565425,1.3808261,0.04976411,-0.13588493,1.0517007,0.2920438,2.4967284,1.231005,-1.3986895,0.3769243,-1.1102206,1.5451314,-0.735918,0.4146342,1.6466051,0.9214556,1.1508793,-0.76209706,-0.44202405,0.16508903,0.24122581,-0.080764025,-1.1448035,-0.6799981,-1.8488029,1.4148136,-1.213943,0.1406422,1.021942,0.18150224,1.308561,-0.35950792,1.2114766,0.2019576,0.11558164
53,-0.143418785,0.8854877,0.903753865,-0.201948725,0.246026945,-0.04378029,-1.10656485,0.203724125,1.106500255,1.8043501499999999,0.1566213,-0.81847252,-0.784862465,-0.0977394,0.008579165,0.6491717349999999,-1.3110489,0.20445853,-1.9449089,0.2519999,-0.5780073,-0.5424611,0.84316087,0.017621953,0.3569084,-0.8794624,1.1769468,1.3962724,-1.0039523,0.77946675,-0.6566164,0.95357156,-0.45505154,1.6045799,-0.19887759,1.5918572,0.8622975,0.14465895,-1.0505925,1.0341905,-1.1888909,0.242405,1.010998,-1.5329375,-0.56776655,-0.9486198,-0.4766894,0.27969778,0.36376664,1.8545607,0.28984448,-1.3993964,-0.35708275,1.408977,-0.62893856
54,0.6477203,1.1451028,-1.26716023,-0.58263557,0.731801775,1.2776459500000001,0.27660031500000004,0.27308201499999996,-0.045571600000000045,-2.05489875,0.581176635,-0.5918226305,1.0498223500000001,-0.679673925,-0.3765914,-0.371801065,-0.041001853,0.8740322,1.1509448,-0.16633098,-0.034421038,0.41596663,-0.5485409,-1.4375702,-0.024404654,-0.55755293,-0.16247962,-0.53127575,-0.18014039,0.1133091,0.0887528,0.88195485,0.5080592,-0.6810472,0.33791047,0.98873186,-0.7710469,0.6593294,0.1275295,1.378051,1.6927499,-0.55165184,-0.29550424,0.65604836,-0.71076137,2.9714384,-0.08968635,-0.42862883,-0.6628631,0.17003313,-0.5966775,-0.94700557,0.8360769,0.2987628,0.6488766
55,-0.62702977,0.5545216,-0.15381508,0.09675432649999999,-0.27653153,0.795825845,0.235770015,-0.3602684225,0.76659535,0.13560894099999998,-0.653339385,-0.29455477500000005,0.122420843,-0.578220375,1.89894275,-0.5858520815,-0.5750892,0.85773516,-0.7988762,1.4292406,0.056431793,0.033035297,1.0937353,0.40515003,-0.3199101,-1.2728827,-0.75409347,-0.030902231,0.08639522,-0.38985875,-0.5288622,-1.3250943,-1.8694118,0.9275147,-1.1475046,-1.7637166,-0.05026155,0.46127215,-0.8710318,1.45652,-1.7733397,-1.1869555,0.8306546,-0.37306717,-0.77481323,0.5172019,0.5363568,0.7698566,-0.13821071,0.10515568,-1.0795497,-1.2767913,-0.83620775,0.24226616,-0.7271359
56,-0.34439825,-0.37950815000000004,0.85222853,0.03358763999999999,0.40947535999999995,-0.47113085,0.8178430000000001,-0.16103023849999998,-0.17942771000000002,-0.9240578899999999,0.9935959,-0.5489541600000001,1.19853988,1.2287116500000002,-1.07629595,-0.43920803999999997,2.2593179,-0.395316,0.5555059,-0.13534106,-2.8695557,-0.39170527,0.06299597,1.6555313,-0.036547724,1.2190026,0.7931266,1.0831875,-1.5276293,-0.80409265,-0.6593714,-0.8834043,-0.6159019,1.2296408,-0.1301528,-1.0041764,-1.322522,-1.5060003,-1.8651166,0.2304092,-0.24751565,-0.9852634,-0.94363046,0.22347645,-0.17820884,0.24783504,-0.55513436,-1.508275,0.17953621,-0.43400407,0.5288814,0.13702434,-0.9953233,0.53963935,-0.08745651
57,0.6824377100000001,0.0008390750000000016,-1.0158056,-0.650193885,0.161100435,0.245683785,0.22739545,-0.59645031,0.7411552349999999,-0.8786969199999999,-0.9283583,-0.3369415825,-0.49914414,1.3287518500000002,-0.24834864500000003,0.30026562,1.535686,-0.56044614,-0.12537496,1.0760015,-0.5558949,0.4739724,0.16627508,0.12587377,-0.19559096,0.634924,-1.2792369,-0.4417259,2.4498706,-0.8123615,0.5681763,-0.015719416,-1.0736457,-0.8560923,0.77830005,0.6742865,-0.18586208,-0.33656532,-0.5913614,-0.51897687,-0.6434502,-0.5846941,-0.21622676,-0.20289363,-0.5417881,-1.0069507,0.5524786,0.5331274,-1.2972583,-1.3984661,0.6412162,-0.29768094,0.6314952,-1.0635413,-0.61569726
58,0.198653015,-0.48893925774999997,-0.507037765,0.1741765500000001,0.43658102,-0.78324342,-0.047237799999999996,0.04263666999999999,0.5968430250000001,0.82065231,0.043022470000000035,0.04291014500000001,-0.4850686249999999,-1.3073508,0.8660787699999999,-1.58383605,0.15478458,0.2897439,-0.012730211,0.782164,0.5925243,-0.18907514,1.2301323,-0.10439774,-0.49788973,1.2590452,0.84963274,0.19315577,1.6462945,-0.6278554,0.5096882,-0.47609234,0.5070598,2.1106145,-0.24552223,0.7623581,1.1130916,0.21473339,1.3301288,0.35203543,-1.3932363,0.60150445,-0.627098,-0.62797505,0.33354974,0.25166312,-0.45654204,0.87940955,2.0506337,0.27342388,0.5098646,-1.0314713,0.077585526,0.90366,-0.14616835
59,-0.83618865,0.9287585249999999,-1.00756525,-0.018656630000000007,-0.823801675,-0.1297866265,-1.09004483,0.6086979749999999,-0.601292,-0.12764615,1.27101554,-0.45277435000000005,-0.033680165,-1.12390627,0.06204854,0.226022,-0.5189798,-1.5802534,0.90876865,0.47618726,0.12984712,-1.1452531,-1.029774,-0.7852839,0.17623381,-0.9905276,0.62037414,1.0793976,-1.286098,-1.1385665,-0.6609198,0.3079255,0.30109185,0.6288197,-0.99137324,0.2391477,-0.66451436,-0.105744466,-0.09086975,-0.13246076,0.92338514,2.3573616,-0.92307764,1.7558177,0.75611484,-0.993501,-0.2316433,2.29696,-1.0418048,0.67462164,0.5389357,-0.46148524,-0.3894497,0.03929304,-0.9687591
60,-0.49010772,-1.3152005500000001,0.563189275,-0.3001103,0.836014005,-0.399495415,-1.3090976,1.6739011000000001,0.21327678,-1.20175952,0.09988411999999999,0.25080489499999997,-0.39349631,0.16277514,-0.7722199599999999,-0.05121705500000001,1.021323,-0.3435582,-0.29158115,0.086359814,0.06570911,0.24710767,-0.07218529,1.3519906,0.45286304,0.41633612,0.3945646,-0.210616,-1.105698,1.1543728,-2.6042967,2.5254922,-0.5011766,-0.7163245,0.99370617,-0.15701315,-0.029454965,0.4293308,0.835638,1.3767544,0.7385578,0.8971154,-0.75454044,-0.5753747,0.1956292,0.047261268,-0.75124836,2.026355,-1.4006418,-0.70337754,-0.30745775,0.95602083,-0.69881904,0.3420784,-1.9034269
61,0.535774305,0.400111985,1.45174722,1.141802,-0.30494699999999997,1.5450170300000001,0.9228418,0.497591286,0.23818706999999997,-0.54003161,-0.7476033,0.5624086,-0.09484917500000001,0.42307684,-0.530526955,0.2627853499999999,1.5447954,-1.3567579,-0.15389794,1.2331388,0.12636255,-0.07226798,-0.24961708,-0.4042438,0.93978566,-1.5822905,1.1564765,-0.77033544,-0.06288829,1.0680029,-0.9970682,0.870661,-1.0756843,-0.69406486,0.36105308,-1.1387902,1.0443078,-1.790669,-1.2790644,-1.102368,-0.43467984,0.26030603,-0.44463357,-0.36050907,-0.19590305,0.29851228,0.24040474,0.60440856,-0.07776982,1.2435316,-0.22811922,0.4074105,0.88615793,-0.10104305,0.7852996
62,-0.728244225,-0.15078966000000002,0.4959593,0.459615245,-0.17755927500000002,-0.81594704,0.35920445999999995,-0.95049295,0.815617585,-0.03525969500000001,-0.775282455,0.37111985000000003,0.61437583,0.7323954149999999,-0.3728733000000001,-1.4350136999999998,1.4041352,1.8380753,0.37725517,-1.0661973,-0.13685998,2.4108078,-0.21348056,1.0011327,1.4660501,0.11010426,-0.7795585,0.07217657,-0.43782136,-0.2801585,1.8600303,-0.3755742,-0.12160656,0.28074116,-1.3179548,0.9280457,1.8779292,-1.4169998,2.0272322,1.3151431,-0.924314,-0.81990105,0.93536294,1.400614,-0.2700194,-2.2263215,0.71858346,1.6711513,0.3933695,-0.4153502,-0.18240136,-1.7128016,-0.19390348,1.1737928,-0.38204637
63,1.24555805,-1.53530427,0.57519053,-0.1447016,-0.16471629999999998,-0.17481429999999998,-0.623953255,-1.23366221,-0.46278070000000004,-0.820020775,0.511961953,0.78058783,-0.108334775,-0.8557801500000001,0.37629375000000004,1.9996517,0.15750952,-0.15922585,-2.1531086,-1.4949161,0.24018857,-0.43441647,-1.2168121,1.4129106,-0.47039536,-0.7311201,0.22699162,0.7845487,0.88468164,0.25546426,0.14708874,-1.2898932,-0.35920912,-0.11824089,-1.5582044,0.27730456,-1.3409294,-0.030912112,1.7004626,0.3719506,-1.3341628,0.6171007,-1.9188583,0.95533967,1.0842505,-0.31074214,-0.11525566,0.089671746,1.0918711,-0.87488866,0.31420377,-0.65292037,2.4021034,-0.08173283,-0.78458184
64,-0.26854337500000003,0.24355596000000002,0.46433386000000004,0.507063235,-0.5394464,0.050204949999999984,0.64595607,-0.49412392,-0.9110522400000001,-0.706399388,0.18684511,0.44869147,0.27290385,0.246969475,-1.11671835,-1.0434921,1.2970246,0.46520776,0.42672017,2.901933,0.5162478,0.68960345,-1.7556382,-0.8367324,0.15966316,3.118063e-05,0.54454774,-0.12503129,0.30596972,-1.4645649,-2.2054348,-0.2713899,0.69272393,-0.9321973,1.2679987,-1.5506932,-0.33362576,1.3523222,0.7198297,0.8233073,-0.12388911,-1.3275536,0.90414196,0.05731424,0.4564267,0.27260914,-0.37269512,-0.20315136,-0.32088202,-0.43472058,0.3312555,-0.26759586,0.17165373,0.4593482,0.10769541
65,-0.26818890000000006,0.485358875,0.930210285,-0.79652833,-0.286693653,-0.31439543,-0.39726465999999994,0.338298297,0.20973625999999998,-0.74390105,-0.2634761,0.03276065,-0.52103672,-0.193592635,0.23746311000000003,0.43547241999999997,-0.9742701,-0.7812166,-1.6054765,0.5780265,0.5873073,-0.5644401,-0.7492604,-0.95220816,0.4311508,-0.6329868,0.7555103,-0.547732,-0.76371175,-0.58454204,-0.1921571,-1.5994288,-1.0721463,-2.3730671,0.4479235,-1.277635,-0.59676766,-0.88427705,0.2858981,0.010200047,0.8201816,0.71098846,-1.1392775,1.6409473,0.68722206,0.22082515,-0.25391155,-0.3821524,-0.24179211,-0.6770548,0.46595654,-2.1364872,1.2047241,0.26795438,0.29133
66,0.5730822025,-0.336032105,1.051818365,0.380580458,0.30849094499999996,-0.59120303,0.305761102,0.44000102,0.073615595,1.0924677200000001,-0.915638555,-1.7576386,-1.35707806,1.5220574999999998,0.28331147000000007,-0.921235885,0.15885161,0.874557,-1.514101,-1.2340792,1.3089875,-0.968354,-0.06284811,-1.1640837,1.8552783,-0.63730156,-0.3155327,-0.050235372,-1.4025097,0.12150463,0.72042483,0.15776898,-0.17833127,0.81578594,-1.5886965,-0.93999815,-1.6316898,-0.1366848,-0.6957408,-2.4128327,1.2421743,1.6186554,-0.744934,0.40669048,-1.5461019,1.4372802,1.0538354,0.22537483,1.3879952,0.6173632,0.4136689,0.97060317,-0.5797387,0.30682877,0.85605717
67,0.6598185249999999,0.6482713149999999,0.93334885,1.1042551999999999,-0.0937038685,-0.384041325,-0.28895701500000004,0.962342395,-1.0082972700000001,-0.17216619499999997,-0.57714345,0.041161369999999975,-0.17335945,-0.287187785,0.19132135999999997,-0.32554983,-0.6495388,0.43102407,-0.80009574,-0.7281667,-0.13230883,-0.061456922,0.7988777,-1.8906981,-1.1665561,-0.5969263,0.41141006,1.3067894,-2.3799665,0.19797692,-1.1234972,-1.0148562,-0.5910999,-0.28091812,-0.3722694,0.35059655,0.61394435,-1.6958674,0.85786325,0.2625198,-1.2511932,-1.0362316,0.39821512,0.70911044,-0.03851331,1.10153,0.93367106,0.5266232,0.21866724,-1.5274534,-0.7292297,0.8692355,-0.15265381,-1.093166,-0.41698974
68,0.0809334505,-0.06141115000000008,-1.077145195,-0.3907424,0.166076375,-0.230627275,-0.6736987505,0.59077238,-0.23326769999999997,0.21428503999999998,0.11606338499999999,-0.7921423425,-0.3080662999999999,0.59833025,-0.24051161000000001,0.8177401,-0.30712658,-1.3474382,-1.045234,-0.7056918,-1.6404094,-0.72311515,-1.4045343,0.006955576,0.57022375,0.1883145,0.42142314,0.35153756,-2.3103485,-0.8176496,-0.5318751,-0.15006664,-0.32637438,0.21253699,2.3239117,0.19486523,0.5515186,1.80867,-0.14878638,-1.0261874,-0.23011464,0.7544693,0.26427737,-1.4360887,-0.26399025,0.575838,1.5791585,-1.9004065,0.42084548,-0.43379286,1.181697,-0.7946408,-0.8694036,-1.8951877,0.98136234
69,-0.44946033500000004,0.3937716635,-0.863431625,0.6531441499999999,0.6426976799999999,-1.42466785,0.43817336,0.60779058,1.1487384,0.358233625,-0.469524225,-0.86182165,0.7498794950000001,0.23403513750000002,0.21561598499999998,0.69068025,-2.4910095,0.30258903,-0.48713985,0.5362731,1.5296489,2.0693786,0.44271252,-1.1000557,-0.6503798,-1.1482332,0.96544844,0.11902292,0.43739453,-0.55282694,-0.53907084,-0.97159994,0.2372507,1.4241982,1.0979483,0.45273265,-0.0690215,1.5092323,0.5336642,0.6723908,-0.15696737,-0.8376053,-0.57897526,0.0033238467,-0.30018708,0.49671933,-2.5604668,-0.83326334,-1.2041835,-0.11621292,0.6023289,0.45798963,-0.62106067,-0.39931345,0.098022796
70,-0.29727236,0.06559708500000003,0.09945479999999995,0.8185261399999999,-1.29652297,0.8135420099999999,-0.432609935,0.20779783300000002,0.46739543499999997,-0.17169632,-0.47364856,0.5477982,0.5309056249999999,0.63852263425,0.2800434,0.3997236,1.7142848,0.91962636,-0.48903412,0.5840875,1.3390104,-0.7119358,0.8077611,-0.814528,1.1541877,-0.053445794,0.48744923,0.85865194,0.6441197,-0.08651814,0.15404694,2.0084414,-1.0129243,-0.69426256,1.2838094,0.09317616,-0.52492756,0.7320718,-0.9025623,-1.7746272,-1.4403596,-0.29927692,-0.99265015,-1.7273396,0.84165275,-1.5668648,-0.12511991,-0.4338078,0.7036249,1.3344889,0.17184636,-1.8076328,-0.27079722,-0.076774314,-1.2677085
71,1.7797186999999999,0.17924504,1.397783775,0.596061375,-0.737746392,-0.865272395,-1.6114297999999998,0.31023147500000003,1.05247135,0.5176386005000001,-0.4557045017,0.81440035,0.12776405000000002,0.46024145,-0.263064195,0.378514165,1.1793308,-0.5480679,1.3189902,-0.9030255,1.0590172,0.095038794,1.3602922,-2.1172657,0.53477633,-1.0182033,1.385573,1.0346137,-0.8869505,-1.0898433,1.2127588,0.70694464,-3.1928263,-0.269101,0.2179297,-0.5291389,-0.41549963,0.5650289,1.1168215,-0.8240428,-0.49321848,0.9375203,0.22952126,0.7124845,-1.558865,-0.91797537,-0.6167748,-0.9466405,-2.189258,-0.8963802,0.106217355,-3.0538535,0.6420189,-1.569537,0.9989851
72,-0.590194515,-0.37205470500000004,0.333431915,-0.12019474249999999,0.0914440175,0.392314201,-0.95344417,-0.200995025,-0.68695385,-1.0945726,-0.009665550000000023,0.11109270500000001,-0.822218515,-0.04167067499999999,0.74519219685,0.06147799999999992,-1.0214293,1.7171113,-0.7903629,0.20013003,1.2790757,-0.8962328,-0.2964183,0.4647734,0.2529859,0.4340319,-1.2720059,-1.0705866,0.19282144,1.5733144,0.34155816,-0.22017978,0.06635152,-2.3322756,0.622505,0.52442,-0.6707666,0.72839576,-0.6705611,-0.7585809,2.0575953,0.30741125,-0.15526596,-0.7899298,0.6266836,1.4452652,-1.0248246,-0.496986,-2.0547805,-1.2927595,0.45651546,0.08443651,-0.08892526,-0.6082191,-1.4923104
73,-1.020629575,0.9272586764999999,-0.53259002,0.200930775,0.626570675,-1.152616325,0.20607795,0.05599055299999999,-0.70458083,-0.15901569000000002,0.5910877,0.04134834999999998,-0.19729353500000002,-0.495456005,1.25054415,0.06861273000000001,-0.64554244,1.3815445,-0.5971961,0.36661074,1.9283864,-0.57214385,-0.82683206,-1.5264283,0.2009036,0.793419,-0.31440985,1.0913391,0.62284803,-0.22766876,-0.37123466,-1.5461925,-1.3340211,1.626612,-0.5160407,-0.06823978,0.92546135,0.19589384,0.009787956,-1.1745912,-0.60079265,-1.721076,-1.241768,0.25345585,-1.1698651,2.6456282,-0.75670004,0.21682724,1.3373237,0.7375976,-0.9291982,0.7336703,0.11810788,-2.1334453,0.18019053
74,-0.14928113500000006,0.443731675,-0.087025565,-1.1558826,-0.13880232000000003,-0.7556451375000001,0.05017593499999999,0.10224091999999999,1.03454815,0.5359063999999999,-0.51394496,-0.22476421999999996,-2.89132405,-1.3802812,-0.19222317,0.76765891,-1.3658322,-0.03878111,0.19443393,-1.4070835,-0.41416714,-0.00016585189,-1.4959357,0.09012617,-0.036218062,1.3010385,0.005224116,-0.29448035,-0.035840884,-1.3382745,-1.7069751,-0.028695645,-0.7035512,1.979089,-0.33254448,-0.24448982,-0.71074796,0.7471478,0.22191778,1.0711322,-1.8756458,-0.49842724,0.84486145,-2.6320114,-0.78241277,0.85165995,-0.83063275,-0.83000606,0.7142766,-1.901439,0.3541478,1.3925692,-0.29128286,-0.5125949,-0.31475964
75,0.38544345,-1.0212303999999999,-0.327567685,-0.6558633,-0.999088835,-0.7259563250000001,-0.18692499499999998,-0.125315855,1.0976157500000001,0.083993975,-0.18248407500000002,0.585314765,-0.39072038499999995,0.1355689,-1.2505965075,0.360302035,0.13123937,-1.3295207,-0.27487954,-0.5149401,-0.27152374,0.7755477,-0.322515,-0.43005428,-0.5167518,0.48252833,0.669472,-0.15856089,0.33759975,-1.2951652,-0.20138685,0.5522186,0.21299617,-0.47663265,0.9588875,1.9123896,-0.9984993,2.013357,-0.13827626,-1.4000975,-0.27567583,0.15519197,-0.2986483,0.43611196,-0.25291812,0.60277414,-1.0210634,0.6057088,-0.78635246,2.743008,0.74061525,0.35832152,1.0285771,-1.1353226,-0.45162934
76,0.24904829999999994,-0.89373605,0.8876725499999999,-0.32887148,-0.27205090249999997,-1.2992728199999999,1.0353533000000001,0.22908743999999998,-0.084760535,0.37748859999999995,-0.053724052,0.43013032,0.07061410000000001,-0.75137173,0.47787895,-0.14041143,-1.7654909,1.1140572,0.81800735,0.45827302,0.31541952,0.16879599,-0.12739061,0.8464616,0.123434015,-1.5031399,-1.1293405,-0.43953636,-1.0056311,0.7935871,-0.80122674,0.69964254,0.61036354,-1.9934133,1.131184,1.3633102,0.5045127,-1.7137048,-0.888636,-0.9425893,-0.05038367,1.1072501,0.0033742972,0.13357115,-2.588449,-0.8132284,-0.23848073,1.1920937,0.08385278,-3.103083,1.1303618,-0.71418047,2.222339,-0.5820799,-1.182303
77,-0.26901023,0.31481274000000004,0.102729005,-0.013600989999999993,0.48944050499999997,1.400847435,-0.06417791499999997,0.782677265,0.34222937999999997,0.34211699000000007,0.32424526,0.6770161,0.29088901,0.15901009999999993,0.58315678,0.008526799999999946,-0.1352309,-1.3283473,-0.17041887,-0.09150163,3.0064547,0.2548055,0.022192016,-0.23613463,-1.6434038,-1.1495407,-1.3326485,1.3269268,-0.36256543,2.302343,-0.73164916,1.3805453,-0.38573727,0.5040164,-1.3478813,0.5761522,2.3755765,0.7556366,0.5575849,-1.3174624,-0.8456693,-1.1757222,-0.046324152,0.009150174,0.63301015,0.06632997,-1.2240273,0.9883431,1.0003822,-0.28434,-0.744172,1.0508584,0.77491856,-1.2739116,0.13946854
78,0.7736690900000001,0.34073831,-0.79286941,0.28228616,0.751753235,0.470716055,0.61846748,-0.5345416145,-0.42285976999999997,1.223104,0.06900242999999998,0.18638116500000002,-0.4876707785,-0.03939625499999999,-1.56983745,-0.19742004999999996,0.99149394,0.7709371,1.1125641,-1.9829539,-0.6123946,1.7188395,1.8620763,0.281391,-0.075466715,-0.024675136,0.1615605,-2.7592893,0.24362005,0.23798731,0.30676156,1.350573,0.030394796,-0.103724875,0.49028566,-0.2570171,0.37991098,0.74791116,-1.3277158,0.44368538,0.8419565,0.8443436,-0.33834285,0.30714518,1.2519509,-0.91124004,-0.04792278,0.05249674,1.2719151,-1.8614196,0.6177596,-0.063097835,0.3040693,-0.05526294,-0.72930557
79,0.83161355,-0.57247005,-0.378874125,0.60692936,-0.47136205999999997,1.5818357,-1.6579225000000002,0.4957430999999999,0.9172919799999999,-0.17101415,-0.5693450200000001,0.40183100000000005,0.10510150000000001,-0.6965545000000001,-1.20080302,0.7387968650000001,0.3152744,0.9828883,0.25634927,-0.34899265,0.743918,0.39812043,1.9622283,0.7798587,-2.5538008,-0.2687254,-1.3253914,0.15668978,0.5817095,0.6188013,-0.24984956,-0.7388123,-0.15058316,1.2411264,-0.28648216,-2.3510273,0.1913927,-0.267597,-0.461836,-0.39555565,-1.7112255,-1.3319931,-1.5232776,0.3776388,0.14084323,0.51492774,0.45801204,0.9461924,-0.95947784,-0.3578933,-2.208992,0.87616295,-1.2700455,-0.19415943,-1.742865
80,-0.9904213,-0.31904961,-0.9408146749999999,0.2391620565,-1.057477435,0.42790478499999995,-1.36000525,0.20678682500000006,1.3229538,-0.011329709999999993,0.1944013,-0.56523903,-0.5090528000000001,-0.325686495,0.27192535955,-0.42634546500000003,-1.5930097,0.7771199,1.111641,-1.4506509,0.93087983,-0.28329435,-0.7184543,-0.452221,-1.6547656,0.6726275,0.5295796,0.6212096,-1.4205517,-1.7008631,-1.1327679,0.47067702,0.24982062,1.0288713,-0.29912126,-0.9060327,1.8990752,0.3733322,0.51529926,-1.8723308,1.2196531,-0.7353978,-0.42389408,-2.0623,0.77607745,0.96117467,1.5281307,0.38505673,-0.25995836,-0.105395675,-0.1649896,1.8324866,-2.4773474,-1.4872872,1.5610989
81,-0.3799217715,-0.6595725299999999,-0.5474867649999999,-0.515856265,-0.5362390499999999,1.3813808,0.31583,-0.68126815,-0.42141769500000004,0.665001165,-0.062473699999999965,0.095972304,1.36771785,0.844488197,-0.15585530000000003,1.1307722,-1.3701675,-0.6655243,0.61311525,2.0204213,-0.07026208,0.111278765,1.6483796,-0.44696414,-0.7470782,1.6345181,0.6930168,1.1400158,-0.6651261,1.0199531,1.7050881,-0.34058142,-0.39408875,0.59935224,1.029022,-1.1494664,-1.0771273,-1.4485143,-0.162558,0.13042627,0.04856796,0.53141,-0.59314436,0.29494718,-0.76829785,0.561456,0.69490653,-0.187451,1.7583668,0.26724604,-1.8086549,1.6157982,1.5616713,0.7418489,-0.122008815
82,-0.954603245,1.21076155,0.10837831000000003,0.875569025,0.5409166,0.25148301700000003,-0.30075348,-1.17921825,-0.279097365,-1.1378365000000001,0.13152828500000002,-1.0573788,0.24362898319999998,-0.03380964999999997,-0.333998655,-0.80552215,-1.5665816,1.7741235,-0.2873794,0.111198366,0.42287424,0.5664407,0.8745194,0.9090481,-0.07571682,-0.22754793,0.8945878,1.2034992,2.1026225,0.0095981555,2.6799543,0.42254946,1.0563799,0.8998253,0.99776405,-1.5805392,-1.5506947,-1.8579831,-0.79223144,3.3090312,0.07383003,-0.03199117,-0.19756085,1.4450856,-1.0089611,1.138351,-1.5610566,-0.91316193,-0.24286327,-1.1989622,1.089693,-0.8868456,0.82165223,0.7824155,-1.0022519
83,0.4855683,0.42179884999999995,-0.52060632,0.38649857,-1.37155185,-0.40639844999999997,-0.50077516,-0.76546245,-1.0383601,0.63155045,0.15228829500000002,0.17383041600000002,-0.6290637649999999,-1.07038895,0.8081807,1.77216745,-0.9857526,-0.70500195,1.3350301,-0.9351592,0.019915977,-2.57948,0.47645044,-0.7456067,-0.11365459,2.168164,0.42097723,0.68886405,-0.57861406,-0.38680363,0.5524771,-2.0665698,-0.026084503,-0.47220212,-0.36298826,0.038071685,0.34246075,1.4597793,2.04411,-0.908064,1.7225785,0.0355455,-0.5547674,0.5660543,1.0134043,-0.1052089,-1.1503816,0.7172029,-0.8550003,0.9076165,0.4867354,-0.102449745,0.32002404,0.63765126,1.6115472
84,0.18875228,0.115890575,0.25890294999999997,0.12600954,1.2849991,0.6967506499999999,-0.479769696,1.1018326349999998,0.03639123,1.23530425,-0.07526087000000001,-0.272250435,-0.43098250299999996,-0.50426425,-1.53187165,-0.07516514999999999,0.5095915,-0.67957634,0.51530063,-1.7975516,2.0629838,0.43604535,1.3082973,-0.4959328,0.5274791,-2.2391977,-1.1973299,0.592,-0.073921256,0.3875836,0.8204411,-0.45869264,-1.9047788,-0.86051744,-0.2906725,3.8600705,-0.6156625,0.6242138,0.033542547,0.398103,1.1304857,0.50887835,0.74964607,-0.10819682,1.1574043,0.43153924,1.5067021,1.7428325,-1.7621874,0.8464849,-1.8052942,-2.0719352,-1.1007148,-0.054027963,0.61523813
85,-0.72790825,1.27524327,0.21881024999999998,-0.9124401,0.47357917499999996,-0.447989835,-0.22882326499999997,-0.016856874999999993,-0.23542665000000002,-0.02555372999999997,0.357555575,0.25435319999999995,0.7572736900000001,-0.43632368999999993,-0.5895058950000001,0.12481965000000002,1.2273297,-0.65913147,-0.7764484,0.6159468,0.2933231,2.131315,-0.0043680286,-2.0118,-0.5189042,-0.093556054,-0.3963541,0.03105947,1.276337,0.9722493,2.7770123,-1.1205652,2.1662495,0.31688246,0.9610442,0.38181815,0.2726974,-2.8606627,1.0424336,0.2335233,-0.9266755,-0.15100671,-0.42706558,0.4795629,-1.4729456,2.0345087,-0.992051,-0.8721371,0.9239653,0.016536783,-0.117664374,-1.2492402,-0.6610372,-0.07643797,-0.8448666
86,0.05626362500000001,-0.8489685349999999,-0.5853750799999999,0.93471763,-0.95383982,-0.9228853499999999,-0.230265045,0.6298480175,-0.113445675,-0.021253884999999972,-0.99660399,-0.6019718399999999,0.022110734999999992,0.4680843,0.7111291900000001,0.3308369499999999,-0.514544,0.9071114,-1.5737169,-0.056948606,0.38788134,0.012629481,-0.92141896,0.6473411,0.13812794,-1.5569414,1.9044275,-1.2282199,0.6891382,-1.0435104,-0.012111381,-0.7588956,0.18612747,-0.038085904,-2.23871,1.5607746,-1.1437694,-0.394369,-0.9900946,0.395916,1.1942391,0.4627152,-1.4599555,0.54887897,-0.6450785,1.6805493,-0.61501074,-0.047383554,-0.44846675,0.09923131,-1.2603418,0.77505314,1.0744416,1.4952022,1.4236084
87,-0.20065330050000002,0.3170780017,-1.8680838,0.17786174999999999,0.06970895999999999,0.660092205,-0.469682706,-0.142121275,0.99322177,0.39960756,0.3559317,0.208846,-1.0928548999999999,0.5989698800000001,0.20333057000000002,-2.3626727,-0.451679,0.3262643,1.065088,-0.6463296,0.4791501,1.4773538,-0.6012454,0.60413414,-1.036848,0.057243355,1.8435959,-0.5495325,0.48277918,0.5294398,0.22164953,-2.4578056,0.2712291,0.5763858,-0.4930349,-0.7344515,-0.6352235,-0.87846845,-1.5848672,-0.20163974,0.04491569,0.5703033,-0.17649297,-0.29519555,-3.0958197,-1.4996912,-0.03674521,0.48189712,-1.305652,-0.014591392,-1.0548607,1.5379137,-0.70660853,1.1262363,1.3885704
88,1.2069953999999998,-0.813895875,-0.386061679,0.47178643500000006,-0.9752787999999999,0.37164458499999997,0.5898733899999999,-0.43606452,-0.07700085500000003,0.6321065,-0.4952293,-0.33760941999999994,0.55746612,0.35174042800000005,-0.028569515000000045,-0.328872515,-1.2418289,0.50782204,0.207571,-1.0039165,-0.8386808,-0.5297143,1.1440614,1.4686806,-0.010157366,-1.4888012,0.39489907,0.86253375,-1.6430813,0.74507564,0.022051167,-0.4457054,-0.96411824,1.1642169,-0.2936263,0.6914831,0.26685625,1.0461572,-0.646983,1.0297078,0.027412105,-0.248579,-0.06578212,0.9287019,0.09290572,0.7036795,0.21196069,-1.1793029,1.8123689,-1.2912896,-2.3523502,-0.81020486,-1.1682751,1.1049478,-1.1768042
89,0.042305842999999996,0.40846902499999993,-1.15397625,1.1013203,-0.84270155,1.0836552,0.933499575,-0.45779743,0.347965675,1.01019963,0.04898454500000002,0.74673197,1.25509365,-0.43449098,1.044676735,0.1617167425,1.102489,0.25914457,-1.523254,-1.4074664,2.0237064,0.393196,-1.281713,-0.56767887,-0.9993047,-0.025089758,0.31606993,0.753859,-1.3785474,-0.13745967,0.013493852,-0.3149651,-1.1653247,1.0612115,-0.2675704,1.2333667,1.1091353,-0.46055228,0.2709253,-1.9277446,0.3902523,0.5554623,-0.4298562,0.5429159,-0.95184505,0.50607103,-0.7497897,0.5265715,-1.08089,1.0353355,-0.7443629,0.86175084,-0.57867193,0.12836872,0.39636645
90,-0.5259691,0.028268558,-0.641993426,0.781048813,-0.94738223,-0.715999445,0.617805865,0.062261015,0.08339042499999999,-0.21564716,0.68594993,-1.4392646500000001,1.03618875,-0.6370309,-0.767248065,1.2242182499999998,0.22334701,-0.22146674,-1.912418,1.7809551,0.3597944,-1.0844404,0.28602004,-0.34483874,-0.5595616,-0.49793923,-0.23587935,-1.5070332,1.8655941,0.25926188,0.9366139,0.07691126,-0.2825954,-1.5359042,-0.28587475,0.85474205,-1.209194,0.11776864,1.1516099,-0.69727176,1.2570353,0.19030288,-0.92452127,-0.2200873,0.4450424,-0.49754697,0.9559455,0.8243026,-1.04518,1.3925333,1.5919005,1.179525,1.4379425,0.0548748,0.8485571
91,-0.28801672500000003,1.032177675,-0.7143390000000001,-0.23326888,-0.25995445,-0.19528800000000002,0.30633749,0.5473856500000001,0.04230299999999998,-0.420742875,0.29434735,0.07588735500000002,0.77790205,0.009899149999999968,0.43571487999999997,0.5242684,-2.1641252,-0.21803905,1.7005705,-2.2493925,-1.6134701,0.12501366,-0.34160906,2.047198,0.40621057,-0.59819376,1.8150276,1.0215099,0.4458691,-1.3202455,1.6166773,0.70513046,-0.49849352,-0.90677273,-0.50712883,-2.17537,0.8621148,0.8532143,0.5792754,-0.37268168,-1.4396958,-0.057735432,-0.2573599,-1.1513467,1.9240669,1.1125584,-0.8359793,-0.6827597,0.98552275,1.0540764,0.683001,-0.14139307,-0.36796778,-0.067801215,-1.523321
92,-0.651974265,0.54720335,0.08585496999999999,0.19412579000000002,1.6374452499999999,-0.33705243999999995,-0.267136175,0.33892012,0.74653336,0.830456875,0.3191656,1.216834175,-0.784278525,-0.5753808,0.7127526500000001,0.44736238,-1.427433,-1.4237905,-0.46357718,-1.1894964,0.91396236,-0.6153548,0.6701719,-0.8689067,0.51940405,-1.1255506,0.60050005,1.19184,1.707667,0.8594622,-0.30658287,-1.6047282,0.5595383,-0.28146198,-0.19666313,-0.6409593,1.0749948,0.90825385,-0.037268378,0.6315361,-0.52256894,0.6483492,-1.2821031,-0.08416407,-0.5330301,-0.41323638,-0.4286164,-1.0749685,-0.8082187,-0.36011487,0.27052212,1.457077,1.0103248,0.7515653,-0.85670197
93,0.7145443499999999,-0.60816373,-0.67773141,-0.497234375,0.09812627,-1.18746335,1.07182255,-0.21508829999999995,-0.776698175,0.659501155,-0.408664,0.25724187499999995,-0.45942029000000006,-0.5089266,-0.414725145,-0.92219045,0.53355634,-1.4744786,0.37250867,-0.19688979,-2.1941223,0.11206796,-0.9155796,-0.12191219,-0.53847784,-0.86466056,-0.92533636,-0.2377857,0.75647336,0.16001724,-1.267513,0.87579596,-1.3747149,-0.9313215,0.49468523,-0.29407918,1.2154902,-0.61062247,-0.18387301,-0.0023813166,0.42605036,0.12903345,-1.4460031,0.4819688,0.17232469,1.0193448,1.1407508,0.56595397,0.46347022,0.9488254,-0.3156692,-0.26588705,0.015019937,-0.48455405,-0.9499862
94,-0.73116368,-1.4471962,0.23952210000000002,-0.51589215,0.19697570000000003,1.1628147,-0.3005849,-0.39368826349999997,0.5265617100000001,-0.0700810625,-0.52890135,0.845976815,1.063224,0.07069975,-0.57449751,1.1075366400000002,0.81645775,-0.8072038,-1.165698,-0.13715702,-0.014327603,0.83274466,1.3841939,0.100830995,2.9087906,0.9545896,-0.86407036,0.18566892,0.05911286,0.91032815,-0.90361506,-0.6472313,0.27223945,-1.5750769,-1.1459038,-1.1028676,-1.0146487,2.1610892,0.17928605,-0.79184186,-0.22560018,-1.1774997,-0.29452318,0.8122141,-0.60716915,-0.60049456,-0.3825417,-0.4357409,-0.03689443,-0.13845588,-0.95754266,0.10009252,0.13080433,0.42883444,1.8336989
95,1.28876425,1.2022992849999998,-0.57590461,-0.09356256499999999,-1.15729765,-0.490253987,0.007116699999999976,-0.36561048,-0.79252615,-1.3139204125,0.6752779500000001,0.6030788300000001,0.6455277500000001,-0.34441160000000004,-0.13457191999999996,-0.11277057000000001,0.040708818,0.4841728,1.4079016,0.22197957,-1.0895903,0.563347,-0.21660173,0.15555196,-1.0112187,-0.11732912,-2.21736,-0.9608747,0.9700028,-1.1948607,-1.333897,1.484504,2.2094607,0.14151703,1.79628,0.49447066,-0.36566687,-0.45213154,-0.9465419,-1.254085,0.67651373,-1.2503531,0.32104176,-1.472008,-0.62130004,0.9241973,-0.30771658,0.038855255,0.77020186,1.2190876,0.0769003,-1.2585276,-0.9808464,-1.1130304,-0.24064358
96,-0.82694295,-0.869823575,-0.90513225,-0.42018345,-0.49038985,-1.000141856,0.010919004999999982,-0.28047764999999997,0.673571285,-0.67914383,0.35725609,-0.38460509,0.74090565,-0.13927817499999998,-0.49414110000000006,-0.05098710000000006,0.96080923,-0.7013642,-0.98249227,-1.9222982,0.9434346,-0.2515016,-1.287975,1.6672667,1.7225735,1.1115617,-2.6122189,0.4499543,0.6394231,0.33680606,0.11544807,-2.0033522,0.7825076,-0.15676765,-0.9338178,2.0835795,-0.91051704,0.17550945,-1.6630117,-1.5101888,-1.5258226,1.7613577,-0.502139,0.71288496,0.34803215,0.3260932,1.162283,-0.104399644,0.5149783,-0.023539586,-1.8485161,-0.5919823,0.3537148,-2.5949376,2.1322534
97,0.71260702,0.34337757500000005,0.6303242500000001,-0.60026146,0.53459614,0.5985012,0.496678495,0.68268499,-0.943908435,-1.12294603,1.2295175999999999,-0.05725994999999995,-0.62520608,-0.18782045149999999,-0.8361804,0.9624770699999999,-0.8834766,0.8164702,1.1997269,-1.2106477,-0.39643753,-1.2549165,0.5797836,-2.1943862,-0.7321997,0.36610046,0.68960315,-1.2258581,-1.1471103,0.29516324,0.5273493,0.5161119,0.9216194,0.6517426,-1.2227256,-0.5369626,1.731919,0.34310544,-1.1095868,0.83582294,0.12874755,0.36760324,0.7179832,1.6797203,-1.1716799,-0.036065437,-1.3755243,-0.7110504,-0.7426567,2.174818,0.6338386,0.14734338,-0.051384207,0.45695785,-0.8549616
98,-1.34198533,0.018017100000000008,1.33781022,-0.80474197,1.06499869,1.8189806000000002,-0.399811865,0.2576983339,-0.71922336,0.45643790000000006,-0.3128103535,1.06062657,0.34685420000000006,-0.71440875,0.09466952000000001,0.2840374,-0.9758575,-2.2518167,-0.52313197,-0.31247774,1.8568134,-0.483542,0.042469177,0.47493067,-0.11640783,-0.48015913,0.2699546,-0.77596307,0.75224036,-0.9488695,-0.6010688,-1.3691111,-0.08221034,1.7543883,-1.0484719,0.2195771,-1.6794257,-0.069552824,-0.55800205,-0.5092136,-0.78853047,0.76358837,0.4822596,-0.40162632,1.3098413,0.65678066,-0.40139395,-1.0581603,-0.50682646,-0.926615,0.46730137,-0.7208254,0.52735966,0.23509565,2.0389054
99,1.0773313500000001,-0.028110380000000004,0.23029354600000002,-0.03353313999999999,0.281660645,1.2130653,0.3568804925,-0.49894814499999995,-0.50573726,0.026795319999999997,0.1263436000000001,-0.7853398549999999,-0.516814665,-0.8587357499999999,-0.18306039000000002,-0.12699147,-0.3422298,-2.7772095,0.406447,0.7863852,-0.7315189,0.93150055,-0.2691928,1.1138186,1.907163,-1.1008022,-0.78357553,1.0976008,0.7202826,-2.1624377,0.6898898,0.18821889,-0.09347479,0.35802472,0.25439572,0.3106591,0.49013343,-1.2380978,1.4105599,-1.7742071,-0.99029195,-0.98442656,0.23122433,-0.23250464,0.40816,-0.7942708,-0.46354753,0.24359179,1.0226942,1.2011592,0.43335223,-0.4584588,0.28013155,0.16355152,0.0036075627
100,0.7369667915,-0.19200198200000002,-0.009202949999999988,-0.14066571000000003,0.8823267,0.29387004,-0.5648192,-0.511047815,-0.190461135,0.399830315,-0.6318612299999999,1.0317188,-0.360360755,-0.69596723,0.69617262,0.40976879,-1.1302651,0.19087549,-1.3915185,-0.38988745,0.02661054,1.5144436,0.6795375,0.44530517,0.85385877,-0.6063453,-0.74450207,2.1598713,-0.17793989,-1.3506446,-0.018483393,-0.4063366,-1.181607,0.4768962,0.82589155,0.29546455,0.107476614,0.04145787,-1.1728312,-0.7206721,-0.4310382,-0.5729913,-0.41406572,-0.9364353,0.35604084,0.6224014,-0.4699296,1.8551642,-0.82571864,-0.09063122,0.9173663,-0.89866763,-0.20756592,-0.69405603,-0.035161715
101,0.8261150500000001,0.32098779999999993,0.07745762,-0.66456909,-0.9387827499999999,-1.2475430200000002,0.16034744034999998,0.5916277933999999,0.610820095,-0.49157686500000003,0.54665795,-0.32244813299999997,-1.4874807134999999,-0.6603955,-0.2900107115,0.32241490000000006,2.5884883,0.50426185,0.34606162,0.16885568,-0.57441354,-1.4947977,0.34878427,0.95393455,-2.1256921,0.4566406,0.0100693535,-0.32764965,0.28857058,0.14704123,0.8921469,1.0248433,0.16717465,-1.3084269,-1.8072495,-0.10636622,2.1700542,0.44201124,-0.6243156,-0.9917564,-0.7965072,-0.6124834,0.020133505,-1.5286129,-1.3763865,-0.21142463,-1.3568568,-0.50130326,-0.085065335,1.3648007,0.450274,0.7002264,-0.9305088,0.6623736,0.44184518
102,-0.8983573,0.335504135,-0.90321635,-0.30148476199999996,-0.1726392,-0.4865327,0.24887142500000003,-0.73046794,0.5682384,-1.2142259499999999,-0.6698202849999999,-1.344619615,1.85331262,0.278390625,0.33462726500000006,-1.4960447,-0.60029274,0.14975221,0.3818742,0.36767632,-0.3595231,-0.9109318,-0.039050534,1.9360403,-0.51760834,-0.11274949,-1.189665,2.474864,-0.3492308,-2.1972194,1.999223,-2.4795356,-0.47204533,-1.8232461,0.99904305,-1.6789672,-2.0196002,-0.12590626,0.77859366,0.37502837,-1.1433964,-0.7645447,0.47743312,0.22016945,1.3034003,-1.1214507,0.36248875,-0.8421535,0.30973575,0.12018604,2.1930032,0.304759,1.6084154,0.17465371,-0.7680934
103,-1.03433697,0.598536345,0.73614691,-0.18073265,0.32944145,0.405515,-0.19995725,1.10079014,-0.35341405,-0.015366419999999992,-0.534547885,1.5333671,0.24438421,-1.33925743,0.1262028,-0.77311675,1.2251737,-0.36473456,0.44295338,-0.66072303,-0.23754135,0.19749287,-0.91182864,0.8700243,0.6865597,0.75312227,-0.17811587,0.11072269,-0.45580447,-0.70242935,0.7376821,-0.18645202,-0.6738726,0.3984846,-1.8753115,1.2111852,-0.32594633,-0.4064795,0.27938545,0.59490037,-0.431103,0.37100863,-0.31632102,0.784279,1.5306593,0.8801084,0.13412231,0.18864426,-1.417744,-0.5550868,-0.61930346,-1.3065093,0.15038042,2.4182637,1.5713253
104,0.36111100500000004,-0.533935085,-0.5423090500000001,-0.150603935,-0.1354347025,0.5757398699999999,-0.06648177999999999,-0.98708533,-0.36897388499999995,0.12170616000000001,-0.40096412,0.07614694999999999,0.59445322,1.3114426,1.6323329800000002,-0.26475722,-0.021988891,1.2524315,-1.827095,-0.6272533,2.789659,1.8167651,-0.29711634,-0.8222649,-0.44182807,0.53430253,-1.0716794,-0.41747248,2.156078,1.3931392,0.23846908,0.7543163,-1.4558553,0.024772543,-1.0779179,1.5058792,-1.5458814,-1.0719502,1.4230329,1.0734876,1.1819128,-0.3339995,-0.63825464,-1.3847861,0.06832201,0.561335,0.93932027,0.613643,-0.99950707,3.1921434,-0.7171538,-0.03365102,0.20587684,-0.29637384,1.2189106
105,0.24489777500000004,-0.047197759500000006,0.21846876499999998,0.895676425,0.809805515,-1.049030885,0.03568792000000001,-0.173219975,0.2576164000000001,-0.253503275,-1.28839544,-0.25279137,-0.1935588215,0.09288522,0.7417205,-1.541816675,1.5110528,1.299233,-2.951792,-0.49875474,0.03584561,0.5922463,0.97905666,1.2805824,0.52867633,-1.4574426,0.5099366,1.6207328,-1.436768,-0.13515183,0.717833,-0.53988975,-1.1161692,-1.7304982,0.4977173,-0.18093283,-1.1037128,0.35003167,0.7274483,-2.0786977,1.6300571,0.7671709,-0.55324364,0.011442907,-1.72337,-0.88990945,1.2511442,1.2364857,-2.3707016,0.35346404,-0.85283625,0.9529676,-0.6479484,0.86660093,-0.625303
106,0.11655903249999999,0.24256455,-0.20275500000000002,-0.111893665,0.58131506,1.29676495,-0.41021485,1.25285745,-0.07646947499999998,-0.020331810000000006,0.38354721,0.23385865000000006,0.43430668,-0.841241,0.671160515,1.002859515,-1.0124389,0.860759,1.6491625,1.3641413,1.567017,-0.5721586,-0.13432457,-0.07664204,-1.2153201,-2.85316,-0.88515276,0.65204036,-1.028307,1.6061952,-1.0492802,1.4980816,1.1420763,-0.22333823,-0.659299,-1.2504749,1.0560937,-1.4162589,-0.036476098,0.080679126,0.4185312,-0.9302188,0.30545333,-0.16756746,-0.448567,-1.1767795,-0.59666824,-0.7353992,0.73816055,0.9855937,1.7256737,0.5794819,-0.5464129,-1.7876358,1.1583171
107,0.43207964,0.21172999999999997,1.4510712,-1.2137516000000002,-0.21383751499999998,0.34946002000000004,0.47087880000000004,0.431800075,0.7990977850000001,-0.018874745,-1.0825164200000001,-0.87387335,-0.17646083499999998,-0.6029571150000002,-0.5712405349999999,-0.334538175,-0.23929968,-1.8175694,0.8809422,0.54402703,1.7667145,1.2196915,2.8463078,0.60374445,1.4394944,1.1321807,1.4404293,0.050747667,-0.49479154,-1.1750549,0.8872645,-0.63461214,0.8077043,0.9541208,-0.05308965,-0.04115739,0.44521067,2.2133608,-1.7275226,2.7689376,-0.6550126,0.15768498,-1.2022592,-0.7144901,1.8352131,-0.32492822,-1.2764834,-0.1697441,-0.82739264,-0.43780604,-0.4496496,0.33896512,-0.6748222,0.95306724,0.25641474
108,-0.408590628,0.055370915,1.248375035,0.579621465,-0.81886945,0.9522007800000001,-1.6300268,-0.5565715,0.41615546000000003,0.027835830000000006,0.28417105,-0.169706625,-0.12670112499999997,0.14570511,-0.750262365,0.760157468,0.24410987,0.38218963,-0.19549313,0.74770015,-0.9986955,1.6513933,1.7170035,-0.54818994,-0.41654107,1.9465517,-0.40382457,-0.832203,-1.2442641,-0.049945433,1.6740776,-0.39114374,-0.075677305,-0.11906753,0.19816695,2.8853388,1.3600215,0.43412927,0.11114387,0.07895148,0.6712052,-1.8456228,-0.14561893,-1.8069768,-1.2855155,-0.19113977,-1.2183605,-0.43398035,0.21990298,-0.9154167,0.5350401,1.2730045,0.11882905,1.3762344,0.958451
109,-1.8853233,-0.55352677,1.0955134149999999,-1.143983105,-1.266118235,-1.056160385,0.49853950999999996,-0.39671776999999997,-0.02527807,0.8259876795000001,0.378740315,0.45468918,0.43111075,1.5262835199999998,-0.94954947,0.006616900000000037,1.9005792,-2.1903713,-0.9952025,-0.3314009,2.387049,0.09799393,0.11164227,0.56519526,0.9923233,-1.3893138,0.29854175,0.5205023,-0.15282515,-0.074445054,0.55536366,-1.5620286,-0.4348969,1.826524,1.0522311,0.8295823,-0.0580243,0.1051644,0.5958772,-0.59011453,-0.22072841,-1.1306279,-0.11466136,0.12148118,0.36371958,-0.2801355,-0.9635748,0.06174688,0.9005851,-0.81449026,0.16771749,0.79190254,0.20090163,-1.1709356,0.9583407
110,-0.7200879,-0.122954905,-0.6165308899999999,-1.02599585,0.20944934,0.512727545,-0.61867401,0.40892611000000006,-1.114152215,-0.10625761999999997,0.82596646,-0.16286631999999998,-0.306174785,0.64588901,-0.08377616499999999,0.406755365,0.37506163,-1.8434864,-0.04430782,0.09463715,-0.66445273,0.28428563,-1.2702541,1.0782452,0.77671057,0.214319,0.08151881,-2.011754,-0.23496737,-0.8183501,-0.23261946,-2.2617185,-0.31565183,0.84322196,1.4869188,0.4806257,0.109715655,-0.7113878,0.12388141,0.43396956,-0.66642356,0.9652816,0.4155271,0.5450686,2.440251,-0.06267716,0.57657826,-1.0214394,1.3859843,-0.6194883,-1.2198449,0.9355393,0.42519304,-0.14978562,0.7361799
111,0.23283165000000006,-0.275263885,0.26495333,0.77952782,1.1458936,1.65208765,0.14397587,0.176073825,-1.23438355,0.0715223235,1.0508070250000001,3.1037243500000002,-0.8003188,-0.147318245,-0.69653785,0.19035729999999998,0.44749016,0.20655261,2.6066809,0.0079218075,1.1069288,-0.6833012,0.43189475,-0.581926,0.45823774,1.0987916,0.35187787,0.019863667,-0.8641379,0.8602402,1.6162455,0.6534538,-2.578568,-0.2516146,-1.1074498,-0.44693086,1.3354013,-1.0169774,0.8772094,0.38377738,0.72927403,2.152488,0.17190154,1.9543047,-0.36487362,-0.91572785,-2.2942972,1.254715,-0.48943028,1.6553495,0.71410286,-1.339515,-0.10014187,0.18825924,0.42535332
112,1.1837095,-0.4434377025,-1.067730775,-1.61750985,0.6528770100000001,0.308070407,0.46929715000000005,0.6115003,-0.680254135,-0.2975196,0.5305243199999999,1.0043646599999998,-0.38849430000000007,0.066030385,0.339383125,0.434273085,0.4559924,1.0364062,0.4667157,-1.7112188,0.031993832,0.11318204,1.3165063,-1.7498505,0.9712114,2.3049693,-0.040817212,0.7069709,-1.2742708,-1.8543671,-0.070817135,-0.13321468,-1.5297679,-1.0012984,-0.4567038,-2.5384405,1.0807002,-1.6230153,0.38276204,-0.44088238,-0.87900704,-0.36146626,0.9034129,1.2294074,0.0045765,1.6940469,1.1831162,0.27251515,-0.2195737,-0.13947296,0.3972527,0.25739655,-1.0703979,-0.17997827,0.41645613
113,-0.9521333999999999,1.0104659,0.94310123,-0.68625347,-0.0048375150000000144,-0.0504412045,0.13608870000000006,0.7577855,0.357686355,-0.7580528149999999,0.49154017499999997,-0.34957888,0.025147154999999977,-0.521918,0.9157869350000001,-0.45527537500000004,0.0075958953,1.4907166,-0.30684832,1.2096782,0.6785156,-0.16585545,-1.1619768,1.5682957,-0.9043154,1.8315305,-1.3623717,-0.5421425,-0.6172245,2.2935288,-1.8363576,0.2597535,1.6745578,0.91699684,0.12348913,-1.8828356,-1.1750381,1.3189745,0.7103846,-0.8627203,-1.7210704,-0.371295,-1.0725266,-1.0782502,-0.6392113,0.05244979,0.78070813,1.2395629,0.14727403,0.9418616,-0.7960021,-0.4589666,0.10731691,2.2285044,-1.1920699
114,-0.36113987000000003,0.607484165,-0.94076595,0.07056933499999996,-0.309674125,0.7617631000000001,-0.1222046875,-0.103170762,0.3038154575,-0.036426400000000025,0.1402504,0.3080674,-0.1219463096,1.0477222115,1.2678828725,-0.573121815,1.245963,-0.50883484,2.1035535,-0.05523454,-0.20366248,-1.3165911,0.35160595,-2.1413853,-0.49083722,0.118770115,-0.27921233,-1.1656536,-0.080564156,-0.43638802,0.14643979,0.05205794,0.62521726,1.9738332,2.5810473,-0.36571452,0.26924974,-0.639182,-1.3701904,-0.18317124,-0.7687149,1.1923984,1.0984437,0.7558439,-0.14669448,-0.2525555,-1.2610953,0.37873852,-0.5531948,-1.9226084,-0.8916422,-0.9289915,-0.81821316,1.9727602,-0.9885578
115,0.8335444999999999,0.635759235,0.39025495,1.03285477,1.6529138,-0.0273737,0.03210917000000002,-0.2686232875,-0.51742427,0.07646582999999996,-0.06313978999999997,-0.9726701050000001,0.815650295,1.1283802,0.4814423725,-1.859153,1.0260171,-1.1506815,0.77240366,-0.35340664,-0.4514499,-0.5869366,-0.31033623,0.87021977,-0.07700712,1.6474625,-0.82288027,-0.14346018,1.3285604,-2.5540512,1.4177798,0.5919227,0.68280494,0.9062851,-0.3504831,1.5901729,0.20356049,1.1714187,0.15408458,-0.71576566,0.85537654,-0.9171169,-0.25583473,1.1332583,-1.9233791,0.3114584,-1.5934367,1.8822443,0.8688581,-0.16871108,0.2974368,1.800128,-0.30960613,-1.1096445,-1.8130428
116,-0.2676691206,0.7951558000000001,-0.86372048,0.233416525,1.36507942,1.14789405,-0.32322044999999994,-0.35408037000000003,0.7124725399999999,-0.07111445000000005,-0.80243095,-0.025477635999999998,0.31180132,0.48498172,0.25703861,0.1647335915,0.7527021,-0.49620625,-0.7899468,0.5255609,1.4520735,-0.49182296,0.8737896,0.567348,-0.074406244,0.49067748,1.3372068,-1.4705256,0.062764704,0.14346793,1.2452387,0.7189371,-1.5549765,0.18554592,-1.3516253,-0.73970205,-1.0085889,-0.47847077,-0.25375566,0.8852809,0.187617,1.2773565,0.43968716,0.20001957,-2.4360282,1.0116979,1.0205169,2.0188692,1.036572,-0.27950302,-0.29335117,-0.56763226,-1.1144612,-1.6854267,0.22201644
117,0.04888590000000004,-1.0851944,0.31803479,-0.420359075,-0.6374326,0.3192595,-0.31603832499999995,-0.566251235,0.86161975,-0.20740005,0.67264883,0.463480375,1.1603053,-1.2758937499999998,-0.97155765,-1.3276857800000001,-0.2829002,-0.2622446,0.061890155,1.6001554,1.3778864,0.44751966,-1.4006165,-1.1513631,0.14214621,-0.19976734,-0.9159091,-0.3236668,0.13793887,-0.62086594,-3.6516263,-0.5837693,0.39742407,0.29483995,-1.4744016,-1.4271177,0.44208348,0.029059513,0.43386686,0.17881341,0.9892938,1.2138314,-1.5754267,0.17112237,0.44625974,-0.42930904,0.69620806,-1.8364195,-1.1438146,1.3546655,0.579962,-1.5429211,0.6781316,-0.21247134,0.52326363
118,-0.9470232249999999,-1.019994375,0.026129989999999992,-0.7019601499999999,0.856977695,-0.53182697,-0.64719686,0.7261994,-0.18845041499999998,-0.361787492,0.6190549025000001,-0.6911337799999999,-0.39378048,-0.77054181,-0.22252899999999998,0.32398628500000004,-1.0716542,0.29611427,1.2140837,0.5312596,0.20547992,-0.35855398,0.7405998,-0.6659602,0.37828752,0.23341955,-0.07993636,1.1679363,0.65280765,-1.5822103,-0.73936796,0.76774704,0.9575771,0.07148786,1.6791761,-0.831411,1.2399102,0.88899237,-1.1577591,2.15493,-0.5369611,-0.52214783,0.7839503,-0.31384766,1.9550023,-0.6657676,-0.7135175,2.0552106,0.8545543,-2.7154634,1.0154258,0.12595876,1.6898972,-0.8523217,-0.5667753
119,0.38120369,0.054865109999999995,0.1624464365,0.645848535,-0.61163366,-0.441463005,-0.13471039999999995,-0.66639505,-1.35849865,-0.05122247000000002,0.317194875,-0.70925959,-1.02072418,0.46067994999999995,0.853996175,-0.56783737,-1.8342924,-1.2146409,-0.85180336,0.76239425,0.17372236,0.3880258,0.8335187,-0.90896815,-1.5040212,0.06483329,-0.9694142,0.15802196,-0.37009934,-0.33218294,1.328335,-0.34429783,1.6924775,0.84221244,-0.9773233,0.24300793,0.69847035,-0.19049793,0.56023985,0.5995737,-0.7064991,2.1687858,0.711555,-0.63043785,-0.9816862,0.019411622,0.26233009,0.24891943,1.7729263,-0.8980006,-1.0149907,1.4705018,1.6127146,0.11568829,-1.833235
120,-0.344010585,0.92967332,-0.44095307,0.513594678,0.45385812499999995,0.0010785249999999968,0.97658913,0.091090257,-0.41756485,0.16400799999999993,0.805372435,-0.231256875,0.044923550000000034,-0.9871052,-0.717198675,0.9576488,0.7333112,-1.4119685,-0.26484782,0.43306613,-0.20122035,-0.5540331,-0.16297172,-0.7177025,0.3327818,0.4797327,-2.0955129,-0.89058626,-0.88094354,1.4143535,1.0372999,-0.108501725,-1.0190017,0.58452755,1.2223905,0.09343514,-0.8341365,-1.0170721,-1.8837785,-1.0185934,0.30448237,0.9957716,-0.013656635,-0.5788582,0.9021165,0.15024376,-0.7013647,-0.31504613,0.09190962,1.0819519,0.72846276,-0.48072606,0.12546526,-0.1750847,2.6545818
121,-0.30373496499999997,0.507901648,0.108625935,0.06936830249999999,-0.080644255,0.29355980000000004,-0.15866144999999998,-0.138440975,-0.535289908,-1.1191731,0.53696712,1.4967728500000002,0.883411615,0.921438915,-0.81235401,-0.32094595000000004,-1.9372026,1.3628583,2.5190074,1.918066,0.020545132,-1.7225193,-0.492497,-0.027719127,1.4935646,0.3287517,-0.75982666,-0.9429272,-0.81928504,-0.43259546,-0.54648536,-0.7543637,-0.99937963,0.73165214,0.56452096,-0.5504658,0.55500925,0.3595531,-0.5272276,0.556425,-1.2142936,1.1525576,1.1746539,0.72862864,0.9299464,-0.8685754,-0.09125129,1.3487515,-1.2425094,-0.7577259,0.6405971,-0.15567659,-1.6370198,0.97442305,0.06960952
122,-0.84927799,0.5661117,-1.087016175,0.24978179999999994,-0.13837960000000002,1.6988446000000001,-0.44586915000000005,0.5504521385,-0.04509294999999991,0.39428061000000003,-0.18717097,-0.18648136499999998,1.2401647649999998,0.8393486699999999,0.6352676415,-0.7963437899999999,-1.1515131,0.6292531,0.1693775,2.1149476,0.18809283,0.13041517,1.3971877,-0.945733,1.1993469,2.1681032,0.46101996,1.0514516,0.41868085,-1.7539473,-0.78238755,0.8960062,1.5321202,-0.3310366,-0.73985606,0.01080477,-0.5596753,0.16914807,0.20939586,-2.2333853,1.5323496,-0.46654063,-0.19915842,0.11174017,-0.91933346,-0.6788882,-0.86386997,0.83174986,0.6861072,-0.18083335,-2.0075102,0.4573362,1.7443397,-0.3670585,-0.1595169
123,-0.4811405958,0.28544506999999997,0.35143599999999997,0.11387910294,-0.190985485,0.237015625,-0.7762010399999999,0.2554959275,0.31540728500000004,0.16494316,-0.35346213,-0.40848472999999996,-0.1554738499999999,-0.279956887,0.38212780999999996,0.895131275,-1.0323244,1.153442,-0.8634209,-1.897339,1.788037,1.4831007,0.1334344,0.85448813,0.2100052,0.8648281,-0.220536,0.19063449,1.0616578,-0.71686625,0.05649944,1.0202945,0.15218914,1.621422,0.90070516,1.4645653,-0.32936907,1.0223837,-0.28241023,-0.9261292,-0.06926061,-1.9349835,-0.38524756,0.83876336,-0.7600889,-0.010991193,2.3527107,0.2404765,0.7936951,2.1237457,1.1941036,-0.017871492,0.82006735,-1.5955995,1.7060763
124,0.35395731499999994,-0.3134305999999999,-0.21873858499999999,-0.15038838999999998,0.236562585,-0.500767771,0.15166093,0.81715408,-0.252577075,-1.22787458,-0.27961769,-0.240142046,0.61986425,-0.267378055,-0.5583892500000001,-0.07253091199999999,0.7822656,-0.39153832,0.16950856,-0.58525383,2.2889209,-0.67161036,0.46359125,-0.7832896,-0.71430105,-1.5282596,1.5724754,-0.06834031,1.0555795,-0.6984995,-0.8208067,-1.1317474,-1.197706,0.33727196,0.017844688,-0.9751336,-0.6603204,0.21444859,0.10674025,-0.768321,-0.93712634,-1.4539092,1.2457821,-1.0450108,-1.9437847,-0.10847805,-0.3169459,0.8953547,0.667221,0.53648174,-1.5694344,0.0010154983,0.2525842,-0.120787956,1.1743335
125,-0.561371615,0.8047032999999999,1.3897197000000001,0.647978365,-0.30075433,0.5429331230000001,0.497944255,0.913483075,0.23852266999999996,0.22725341000000004,1.0110092499999999,0.34735130000000003,1.96118435,-0.10216829999999999,-0.19448789830000002,0.177134595,-0.7721431,1.3287266,-0.700136,-0.23785932,0.47350648,-0.16307826,0.1774316,0.3945028,-0.63914984,1.029614,1.3993529,-0.117502294,1.109377,-0.94662,0.74522305,0.43012834,-0.03611266,-0.038963895,-0.007914433,0.03442978,-1.1018395,1.6352168,-1.0300741,1.3418065,-0.2144908,2.0380416,0.7829487,0.78297377,-1.1440119,1.0561184,-1.1143486,-0.0009905469,0.12188152,2.1271865,-0.7025109,0.97082263,1.0173956,-0.3599023,-0.5518637
126,0.008970729999999996,0.95913265,-0.016558199999999967,-0.14132865,0.088388715,0.09504987000000001,-1.546904575,0.627795925,-0.173134815,1.37756295,0.9920644999999999,0.24698109999999998,-0.660517715,-0.5002437900000001,0.5358233299999999,-0.7553780999999999,2.0542796,0.70289034,-0.08413833,0.93870443,0.47264954,0.07692429,0.8752106,1.2796825,-0.43573558,0.8675286,-1.0498317,0.32660592,0.05720002,0.18976629,-0.55946356,-0.41833404,-0.8007755,0.50964737,-2.408584,-1.4649292,-0.06986358,0.28069723,-0.27930826,-0.58501273,-0.7730669,-0.85794264,-0.1390167,2.1907036,-1.6633753,-0.40209332,0.27316335,-0.18979023,0.20373905,1.0086814,-0.8860297,0.34441304,1.373465,0.8930344,-0.14747143
127,0.6701213155,0.15508473500000003,0.08296673000000002,-0.35568176500000004,1.492480499,-1.16326515,-0.639193082,0.25313824999999995,-0.332425235,-0.06594330000000004,0.716138885,-0.16944876999999997,-0.61299815,-1.1589048499999999,-0.23673355999999998,0.31540870000000004,0.5996174,1.135216,-2.3333397,-1.1648209,-1.3916728,-0.70362324,-0.29699138,1.6238108,3.3209543,-1.0225507,0.572625,0.70283204,1.9529182,0.3259215,0.8066583,1.6085209,-1.4067886,-2.4622445,1.2466742,2.3572898,0.6446171,-0.87451816,-1.0894469,0.22532226,0.42559716,0.09737242,-0.015069578,0.34779415,-0.32296222,-0.093324944,-0.7165535,-0.050135434,0.3398181,-1.6580304,-0.85566443,-0.7865663,-0.27623722,-0.0877513,-0.18392995
